Player,Team,Pos,Injury,Status,Est. Return
Alaska Abney,CLE,P,Undisclosed,7-Day IL,Subscribers Only
Dane Acker,TEX,P,Undisclosed,7-Day IL,Subscribers Only
Josh Adamczewski,MIL,2B,Back,7-Day IL,Subscribers Only
Luke Adams,MIL,1B,Shoulder,7-Day IL,Subscribers Only
Mason Adams,CWS,P,Elbow,60-Day IL,Subscribers Only
Julian Aguiar,CIN,P,Elbow,60-Day IL,Subscribers Only
Alexander Albertus,CWS,3B,Lower Leg,7-Day IL,Subscribers Only
Jerson Alejandro,NYY,P,Undisclosed,60-Day IL,Subscribers Only
Yency Almonte,CHC,P,Shoulder,60-Day IL,Subscribers Only
Jose Alvarado,PHI,P,Suspension,Suspension,Subscribers Only
Yordan Alvarez,HOU,OF,Hand,10-Day IL,Subscribers Only
Adbert Alzolay,NYM,P,Elbow,60-Day IL,Subscribers Only
Miguel Amaya,CHC,C,Oblique,10-Day IL,Subscribers Only
Miguel Andujar,ATH,OF,Oblique,10-Day IL,Subscribers Only
Mack Anglin,KC,P,Undisclosed,60-Day IL,Subscribers Only
Tejay Antone,CIN,P,Elbow,60-Day IL,Subscribers Only
Michael Arias,NYY,P,Undisclosed,7-Day IL,Subscribers Only
Justin Armbruester,BAL,P,Lat,7-Day IL,Subscribers Only
Spencer Arrighetti,HOU,P,Thumb,60-Day IL,Subscribers Only
Graham Ashcraft,CIN,P,Groin,15-Day IL,Subscribers Only
Javier Assad,CHC,P,Oblique,60-Day IL,Subscribers Only
Jose Atencio,WSH,P,Undisclosed,60-Day IL,Subscribers Only
Luinder Avila,KC,P,Shoulder,7-Day IL,Subscribers Only
Ji Hwan Bae,PIT,OF,Undisclosed,7-Day IL,Subscribers Only
Thomas Balboni,NYY,P,Undisclosed,60-Day IL,Subscribers Only
Edgar Barclay,NYY,P,Undisclosed,60-Day IL,Subscribers Only
Franklin Barreto,BAL,2B,Undisclosed,60-Day IL,Subscribers Only
Brandon Barriera,TOR,P,Elbow,60-Day IL,Subscribers Only
Brady Basso,ATH,P,Shoulder,60-Day IL,Subscribers Only
Angel Bastardo,TOR,P,Elbow,60-Day IL,Subscribers Only
Aldrin Batista,CWS,P,Elbow,7-Day IL,Subscribers Only
Travis Bazzana,CLE,2B,Oblique,7-Day IL,Subscribers Only
Octavio Becerra,LAD,P,Undisclosed,7-Day IL,Subscribers Only
Ryan Bergert,SD,P,Forearm,Day-To-Day,Subscribers Only
Prelander Berroa,CWS,P,Elbow,60-Day IL,Subscribers Only
Shane Bieber,CLE,P,Elbow,60-Day IL,Subscribers Only
Brandon Bielak,FA,P,Undisclosed,Out,Subscribers Only
Hunter Bigge,TB,P,Lat,15-Day IL,Subscribers Only
Brandon Birdsell,CHC,P,Lat,60-Day IL,Subscribers Only
Nick Bitsko,TB,P,Undisclosed,60-Day IL,Subscribers Only
Ronel Blanco,HOU,P,Elbow,60-Day IL,Subscribers Only
Tony Blanco,PIT,1B,Leg,60-Day IL,Subscribers Only
Ryan Bliss,SEA,2B,Biceps,60-Day IL,Subscribers Only
Jack Blomgren,HOU,SS,Undisclosed,7-Day IL,Subscribers Only
Jake Bloss,TOR,P,Elbow,60-Day IL,Subscribers Only
Paul Bonzagni,TEX,P,Elbow,60-Day IL,Subscribers Only
Cam Booser,CWS,P,Shoulder,15-Day IL,Subscribers Only
Ryan Borucki,PIT,P,Back,15-Day IL,Subscribers Only
TT Bowens,BAL,1B,Undisclosed,7-Day IL,Subscribers Only
Cooper Bowman,ATH,2B,Undisclosed,7-Day IL,Subscribers Only
Justin Boyd,CLE,OF,Undisclosed,60-Day IL,Subscribers Only
Enrique Bradfield,BAL,OF,Hamstring,Day-To-Day,Subscribers Only
Cody Bradford,TEX,P,Elbow,60-Day IL,Subscribers Only
Kyle Bradish,BAL,P,Elbow,60-Day IL,Subscribers Only
Ryan Brady,KC,P,Undisclosed,60-Day IL,Subscribers Only
Jack Brannigan,PIT,SS,Undisclosed,7-Day IL,Subscribers Only
Rob Brantly,MIA,C,Lat,60-Day IL,Subscribers Only
Alex Bregman,BOS,3B,Quadriceps,10-Day IL,Subscribers Only
Will Brennan,CLE,OF,Elbow,10-Day IL,Subscribers Only
Trace Bright,BAL,P,Forearm,7-Day IL,Subscribers Only
Jhony Brito,SD,P,Forearm,60-Day IL,Subscribers Only
T.J. Brock,TOR,P,Elbow,60-Day IL,Subscribers Only
Joey Broughton,MIL,P,Elbow,60-Day IL,Subscribers Only
Seth Brown,ATH,OF,Elbow,10-Day IL,Subscribers Only
Eric Brown,MIL,SS,Undisclosed,7-Day IL,Subscribers Only
Kris Bryant,COL,DH,Back,60-Day IL,Subscribers Only
Jacob Buchberger,STL,3B,Undisclosed,60-Day IL,Subscribers Only
J.B. Bukauskas,MIL,P,Lat,60-Day IL,Subscribers Only
Nick Burdi,BOS,P,Foot,15-Day IL,Subscribers Only
Jake Burger,TEX,1B,Oblique,10-Day IL,Subscribers Only
Corbin Burnes,ARI,P,Elbow,60-Day IL,Subscribers Only
Tanner Burns,CLE,P,Oblique,7-Day IL,Subscribers Only
Ryan Burr,TOR,P,Shoulder,60-Day IL,Subscribers Only
Ky Bush,CWS,P,Elbow,60-Day IL,Subscribers Only
Starlyn Caba,MIA,SS,Thumb,60-Day IL,Subscribers Only
Oswaldo Cabrera,NYY,3B,Ankle,60-Day IL,Subscribers Only
Ricky Cabrera,CIN,3B,Undisclosed,60-Day IL,Subscribers Only
Tyler Callihan,CIN,2B,Forearm,60-Day IL,Subscribers Only
Justin Campbell,CLE,P,Elbow,60-Day IL,Subscribers Only
Jonathan Cannon,CWS,P,Back,15-Day IL,Subscribers Only
Matt Canterino,MIN,P,Shoulder,7-Day IL,Subscribers Only
Juan Carela,CWS,P,Elbow,Out,Subscribers Only
Corbin Carroll,ARI,OF,Wrist,10-Day IL,Subscribers Only
Triston Casas,BOS,1B,Knee,60-Day IL,Subscribers Only
Eiberson Castellano,PHI,P,Undisclosed,7-Day IL,Subscribers Only
Luis Castillo,MIL,OF,Undisclosed,7-Day IL,Subscribers Only
Luis F. Castillo,BAL,P,Undisclosed,7-Day IL,Subscribers Only
Kevyn Castillo,LAA,OF,Undisclosed,7-Day IL,Subscribers Only
Miguel Castro,CWS,P,Knee,60-Day IL,Subscribers Only
Willi Castro,MIN,OF,Wrist,Day-To-Day,Subscribers Only
Logan Cerny,HOU,OF,Undisclosed,7-Day IL,Subscribers Only
Moises Chace,PHI,P,Elbow,60-Day IL,Subscribers Only
Javier Chacon,SD,P,Undisclosed,60-Day IL,Subscribers Only
Andrew Chafin,WSH,P,Hamstring,15-Day IL,Subscribers Only
Matt Chapman,SF,3B,Hand,10-Day IL,Subscribers Only
Marc Church,TEX,P,Elbow,7-Day IL,Subscribers Only
Brandon Clarke,BOS,P,Finger,Out,Subscribers Only
Alex Cobb,DET,P,Hip,60-Day IL,Subscribers Only
Adisyn Coffey,CWS,P,Undisclosed,7-Day IL,Subscribers Only
Gerrit Cole,NYY,P,Elbow,60-Day IL,Subscribers Only
Carson Coleman,NYY,P,Undisclosed,60-Day IL,Subscribers Only
Griffin Conine,MIA,OF,Shoulder,60-Day IL,Subscribers Only
Alex Cook,TB,P,Undisclosed,60-Day IL,Subscribers Only
Connor Cooke,TOR,P,Undisclosed,60-Day IL,Subscribers Only
Jose Corniell,TEX,P,Elbow,60-Day IL,Subscribers Only
Nestor Cortes,MIL,P,Elbow,60-Day IL,Subscribers Only
Magdiel Cotto,PIT,P,Undisclosed,60-Day IL,Subscribers Only
Isaiah Coupet,COL,P,Undisclosed,60-Day IL,Subscribers Only
Jake Cousins,NYY,P,Elbow,60-Day IL,Subscribers Only
Hunter Cranton,SEA,P,Concussion,7-Day IL,Subscribers Only
Kutter Crawford,BOS,P,Wrist,60-Day IL,Subscribers Only
Reggie Crawford,SF,P,Shoulder,60-Day IL,Subscribers Only
Dylan Crews,WSH,OF,Oblique,10-Day IL,Subscribers Only
Demetrio Crisantes,ARI,2B,Shoulder,7-Day IL,Subscribers Only
Jeff Criswell,COL,P,Elbow,60-Day IL,Subscribers Only
Matt Cronin,SEA,P,Undisclosed,7-Day IL,Subscribers Only
Gavin Cross,KC,OF,Back,7-Day IL,Subscribers Only
Hans Crouse,FA,P,Undisclosed,Out,Subscribers Only
Coleman Crow,MIL,P,Hip,7-Day IL,Subscribers Only
Danyer Cueva,TEX,SS,Undisclosed,60-Day IL,Subscribers Only
Candido Cuevas,NYM,P,Undisclosed,60-Day IL,Subscribers Only
Bryce Cunningham,NYY,P,Undisclosed,7-Day IL,Subscribers Only
Yoniel Curet,TB,P,Shoulder,60-Day IL,Subscribers Only
R.J. Dabovich,SF,P,Undisclosed,60-Day IL,Subscribers Only
Chad Dallas,TOR,P,Undisclosed,60-Day IL,Subscribers Only
Yu Darvish,SD,P,Elbow,60-Day IL,Subscribers Only
Yerry De Los Santos,NYY,P,Elbow,15-Day IL,Subscribers Only
Paul DeJong,WSH,SS,Orbital,10-Day IL,Subscribers Only
Adrian Del Castillo,ARI,C,Back,7-Day IL,Subscribers Only
Jonny DeLuca,TB,OF,Shoulder,60-Day IL,Subscribers Only
Austin Deming,HOU,3B,Undisclosed,7-Day IL,Subscribers Only
Nolan DeVos,HOU,P,Undisclosed,60-Day IL,Subscribers Only
Zach Dezenzo,HOU,1B,Hand,10-Day IL,Subscribers Only
Derek Diamond,PIT,P,Undisclosed,7-Day IL,Subscribers Only
Khadim Diaw,MIN,C,Undisclosed,7-Day IL,Subscribers Only
Camilo Diaz,HOU,SS,Undisclosed,60-Day IL,Subscribers Only
Hunter Dobbins,BOS,P,Elbow,15-Day IL,Subscribers Only
Logan Driscoll,TB,C,Ankle,60-Day IL,Subscribers Only
Shane Drohan,BOS,P,Forearm,7-Day IL,Subscribers Only
Daniel Duarte,MIN,P,Elbow,60-Day IL,Subscribers Only
Shawn Dubin,HOU,P,Forearm,15-Day IL,Subscribers Only
Matt Duffy,BOS,P,Elbow,60-Day IL,Subscribers Only
Ross Dunn,MIN,P,Forearm,60-Day IL,Subscribers Only
Andrew Dutkanych,STL,P,Undisclosed,60-Day IL,Subscribers Only
Joe Elbis,ARI,P,Undisclosed,Out,Subscribers Only
Bryce Eldridge,SF,1B,Hamstring,Day-To-Day,Subscribers Only
Fraser Ellard,CWS,P,Lat,60-Day IL,Subscribers Only
Duke Ellis,NYY,OF,Undisclosed,7-Day IL,Subscribers Only
Kale Emshoff,TEX,C,Undisclosed,60-Day IL,Subscribers Only
Jerar Encarnacion,SF,OF,Oblique,10-Day IL,Subscribers Only
Nathan Eovaldi,TEX,P,Triceps,15-Day IL,Subscribers Only
Mason Erla,LAA,P,Undisclosed,60-Day IL,Subscribers Only
Daniel Espino,CLE,P,Shoulder,60-Day IL,Subscribers Only
Albert Fabian,SD,1B,Undisclosed,60-Day IL,Subscribers Only
Alex Faedo,TB,P,Shoulder,60-Day IL,Subscribers Only
Jonny Farmelo,SEA,OF,Ribs,7-Day IL,Subscribers Only
Daniel Federman,BAL,P,Undisclosed,60-Day IL,Subscribers Only
Brady Feigl,MIN,P,Shoulder,7-Day IL,Subscribers Only
Angel Felipe,LAA,P,Elbow,60-Day IL,Subscribers Only
Ryan Feltner,COL,P,Back,60-Day IL,Subscribers Only
Wilmer Flores,DET,P,Shoulder,60-Day IL,Subscribers Only
Ty Floyd,CIN,P,Undisclosed,7-Day IL,Subscribers Only
Jason Foley,DET,P,Shoulder,60-Day IL,Subscribers Only
T.J. Fondtain,TB,P,Undisclosed,7-Day IL,Subscribers Only
Ryan Forcucci,HOU,P,Elbow,60-Day IL,Subscribers Only
J.P. France,HOU,P,Shoulder,60-Day IL,Subscribers Only
Bowden Francis,TOR,P,Shoulder,15-Day IL,Subscribers Only
Wander Franco,TB,SS,Personal,Out,Subscribers Only
Kohl Franklin,CHC,P,Elbow,7-Day IL,Subscribers Only
Kyle Freeland,COL,P,Back,15-Day IL,Subscribers Only
Zach Fruit,BAL,P,Lat,7-Day IL,Subscribers Only
Nate Furman,SF,2B,Shoulder,60-Day IL,Subscribers Only
Yorman Galindez,MIL,P,Undisclosed,60-Day IL,Subscribers Only
Jesus Galiz,LAD,C,Undisclosed,60-Day IL,Subscribers Only
Giovanny Gallegos,LAD,P,Undisclosed,60-Day IL,Subscribers Only
Avisail Garcia,FA,OF,Back,Out,Subscribers Only
Luis Garcia,LAD,P,Thigh,15-Day IL,Subscribers Only
Yimi Garcia,TOR,P,Shoulder,15-Day IL,Subscribers Only
Luis Garcia,HOU,P,Elbow,60-Day IL,Subscribers Only
Jogly Garcia,CLE,P,Undisclosed,7-Day IL,Subscribers Only
Tristan Garnett,PHI,P,Undisclosed,60-Day IL,Subscribers Only
Amir Garrett,TOR,P,Undisclosed,60-Day IL,Subscribers Only
Braxton Garrett,MIA,P,Elbow,60-Day IL,Subscribers Only
Mickey Gasper,MIN,C,Foot,7-Day IL,Subscribers Only
Robert Gasser,MIL,P,Elbow,60-Day IL,Subscribers Only
Zack Gelof,ATH,2B,Ribs,60-Day IL,Subscribers Only
Luis Gil,NYY,P,Lat,60-Day IL,Subscribers Only
Logan Gillaspie,SD,P,Oblique,15-Day IL,Subscribers Only
Tyler Glasnow,LAD,P,Shoulder,60-Day IL,Subscribers Only
Tony Gonsolin,LAD,P,Elbow,60-Day IL,Subscribers Only
Marco Gonzales,FA,P,Forearm,Out,Subscribers Only
Victor Gonzalez,LAA,P,Undisclosed,7-Day IL,Subscribers Only
Tanner Gordon,COL,P,Oblique,15-Day IL,Subscribers Only
Matt Gorski,PIT,OF,Undisclosed,60-Day IL,Subscribers Only
Tyler Gough,SEA,P,Elbow,60-Day IL,Subscribers Only
Brusdar Graterol,LAD,P,Shoulder,60-Day IL,Subscribers Only
Kendall Graveman,ARI,P,Hip,15-Day IL,Subscribers Only
Jon Gray,TEX,P,Wrist,60-Day IL,Subscribers Only
Josiah Gray,WSH,P,Elbow,60-Day IL,Subscribers Only
Drew Gray,CHC,P,Shoulder,60-Day IL,Subscribers Only
Hunter Greene,CIN,P,Groin,15-Day IL,Subscribers Only
Caden Grice,ARI,P,Elbow,60-Day IL,Subscribers Only
Michael Grove,LAD,P,Shoulder,60-Day IL,Subscribers Only
Luis Guanipa,ATL,OF,Undisclosed,7-Day IL,Subscribers Only
Sean Guenther,DET,P,Undisclosed,7-Day IL,Subscribers Only
David Guzman,TOR,OF,Undisclosed,7-Day IL,Subscribers Only
Owen Hall,DET,P,Shoulder,7-Day IL,Subscribers Only
Chase Hampton,NYY,P,Elbow,60-Day IL,Subscribers Only
Maverick Handley,BAL,C,Concussion,7-Day IL,Subscribers Only
Bryce Harper,PHI,1B,Wrist,10-Day IL,Subscribers Only
Michael Harris,ATL,OF,Elbow,Day-To-Day,Subscribers Only
Hunter Harvey,KC,P,Shoulder,60-Day IL,Subscribers Only
Austin Hays,CIN,OF,Foot,10-Day IL,Subscribers Only
Ben Heller,CHC,P,Undisclosed,60-Day IL,Subscribers Only
Liam Hendriks,BOS,P,Hip,15-Day IL,Subscribers Only
Edgardo Henriquez,LAD,P,Foot,60-Day IL,Subscribers Only
Tommy Henry,ARI,P,Elbow,7-Day IL,Subscribers Only
Sam Hentges,CLE,P,Shoulder,60-Day IL,Subscribers Only
Raylin Heredia,PHI,OF,Undisclosed,7-Day IL,Subscribers Only
Jonathan Hernandez,TB,P,Undisclosed,60-Day IL,Subscribers Only
Daysbel Hernandez,ATL,P,Forearm,15-Day IL,Subscribers Only
Ivan Herrera,STL,C,Hamstring,10-Day IL,Subscribers Only
Yujanyer Herrera,COL,P,Elbow,60-Day IL,Subscribers Only
Cole Hertzler,HOU,P,Undisclosed,7-Day IL,Subscribers Only
DJ Herz,WSH,P,Elbow,60-Day IL,Subscribers Only
Jason Heyward,FA,OF,Oblique,Day-To-Day,Subscribers Only
Jordan Hicks,BOS,P,Toe,15-Day IL,Subscribers Only
James Hicks,HOU,P,Undisclosed,60-Day IL,Subscribers Only
Derek Hill,MIA,OF,Wrist,10-Day IL,Subscribers Only
Cooper Hjerpe,STL,P,Elbow,60-Day IL,Subscribers Only
Gunnar Hoglund,ATH,P,Hip,60-Day IL,Subscribers Only
Colin Holderman,PIT,P,Thumb,15-Day IL,Subscribers Only
Brian Holiday,STL,P,Undisclosed,60-Day IL,Subscribers Only
Hunter Hollan,CIN,P,Undisclosed,60-Day IL,Subscribers Only
Grant Holman,ATH,P,Shoulder,15-Day IL,Subscribers Only
Luke Holman,CIN,P,Undisclosed,60-Day IL,Subscribers Only
Carter Holton,ATL,P,Elbow,60-Day IL,Subscribers Only
Bennett Hostetler,MIA,C,Undisclosed,7-Day IL,Subscribers Only
Tanner Houck,BOS,P,Elbow,15-Day IL,Subscribers Only
Wyatt Hudepohl,NYM,P,Undisclosed,60-Day IL,Subscribers Only
Thatcher Hurd,NYY,P,Elbow,60-Day IL,Subscribers Only
Kyle Hurt,LAD,P,Elbow,60-Day IL,Subscribers Only
Shota Imanaga,CHC,P,Hamstring,15-Day IL,Subscribers Only
Jojo Ingrassia,BOS,P,Undisclosed,7-Day IL,Subscribers Only
Drey Jameson,ARI,P,Elbow,7-Day IL,Subscribers Only
Cristian Javier,HOU,P,Elbow,60-Day IL,Subscribers Only
Eloy Jimenez,TB,DH,Achilles,7-Day IL,Subscribers Only
Joe Jimenez,ATL,P,Knee,60-Day IL,Subscribers Only
Jackson Jobe,DET,P,Elbow,60-Day IL,Subscribers Only
Jared Johnson,ATH,P,Undisclosed,60-Day IL,Subscribers Only
Jared Jones,PIT,P,Elbow,60-Day IL,Subscribers Only
Kyle Jones,MIN,P,Undisclosed,60-Day IL,Subscribers Only
Ben Joyce,LAA,P,Shoulder,60-Day IL,Subscribers Only
Hayden Juenger,TOR,P,Undisclosed,7-Day IL,Subscribers Only
Jace Kaminska,COL,P,Undisclosed,60-Day IL,Subscribers Only
Josh Kasevich,TOR,SS,Back,60-Day IL,Subscribers Only
Luke Keaschall,MIN,2B,Forearm,60-Day IL,Subscribers Only
Owen Kellington,PIT,P,Undisclosed,60-Day IL,Subscribers Only
Joe Kelly,FA,P,Shoulder,Out,Subscribers Only
Michael Kennedy,CLE,P,Knee,7-Day IL,Subscribers Only
Barrett Kent,LAA,P,Undisclosed,60-Day IL,Subscribers Only
Ray Kerr,ATL,P,Elbow,60-Day IL,Subscribers Only
Caleb Kilian,CHC,P,Undisclosed,60-Day IL,Subscribers Only
Ha-Seong Kim,TB,SS,Shoulder,60-Day IL,Subscribers Only
Michael King,SD,P,Shoulder,15-Day IL,Subscribers Only
Josh Knoth,MIL,P,Elbow,Out,Subscribers Only
Lucas Knowles,WSH,P,Undisclosed,60-Day IL,Subscribers Only
Tanner Kohlhepp,DET,P,Elbow,60-Day IL,Subscribers Only
Mark Kolozsvary,BOS,C,Undisclosed,7-Day IL,Subscribers Only
Max Kranick,NYM,P,Elbow,15-Day IL,Subscribers Only
Cade Kuehler,ATL,P,Elbow,60-Day IL,Subscribers Only
Asa Lacy,KC,P,Elbow,7-Day IL,Subscribers Only
Dane Lais,SD,P,Undisclosed,60-Day IL,Subscribers Only
Henry Lalane,NYY,P,Shoulder,60-Day IL,Subscribers Only
Jimmy Lambert,FA,P,Shoulder,Out,Subscribers Only
Alex Lange,DET,P,Lat,60-Day IL,Subscribers Only
Justin Lange,NYY,P,Shoulder,60-Day IL,Subscribers Only
Shea Langeliers,ATH,C,Oblique,10-Day IL,Subscribers Only
L.P. Langevin,KC,P,Lat,60-Day IL,Subscribers Only
Cesar Lares,MIN,P,Undisclosed,60-Day IL,Subscribers Only
Kyle Larsen,TEX,P,Undisclosed,60-Day IL,Subscribers Only
Blake Larson,CWS,P,Elbow,60-Day IL,Subscribers Only
Nate Lavender,TB,P,Elbow,60-Day IL,Subscribers Only
Derek Law,WSH,P,Forearm,15-Day IL,Subscribers Only
Jordan Lawlar,ARI,SS,Hamstring,Day-To-Day,Subscribers Only
Justin Lawrence,PIT,P,Elbow,60-Day IL,Subscribers Only
Jose Leclerc,ATH,P,Lat,60-Day IL,Subscribers Only
Pedro Leon,HOU,OF,Knee,60-Day IL,Subscribers Only
Royce Lewis,MIN,3B,Hamstring,10-Day IL,Subscribers Only
Andrew Lindsey,TB,P,Undisclosed,60-Day IL,Subscribers Only
Kellon Lindsey,LAD,SS,Undisclosed,7-Day IL,Subscribers Only
Ben Lively,CLE,P,Elbow,60-Day IL,Subscribers Only
Victor Lizarraga,SD,P,Undisclosed,Day-To-Day,Subscribers Only
Jonathan Loaisiga,NYY,P,Undisclosed,Day-To-Day,Subscribers Only
Nick Lockhart,TEX,P,Undisclosed,60-Day IL,Subscribers Only
Carter Loewen,SD,P,Undisclosed,7-Day IL,Subscribers Only
Reynaldo Lopez,ATL,P,Shoulder,60-Day IL,Subscribers Only
Pablo Lopez,MIN,P,Shoulder,60-Day IL,Subscribers Only
Kiefer Lord,BAL,P,Elbow,60-Day IL,Subscribers Only
Quinton Low,MIL,1B,Undisclosed,60-Day IL,Subscribers Only
Rhett Lowder,CIN,P,Forearm,60-Day IL,Subscribers Only
Easton Lucas,TOR,P,Undisclosed,7-Day IL,Subscribers Only
Jordan Luplow,FA,OF,Knee,Out,Subscribers Only
Ty Madden,DET,P,Shoulder,60-Day IL,Subscribers Only
Nick Madrigal,NYM,2B,Shoulder,60-Day IL,Subscribers Only
Tyler Mahle,TEX,P,Shoulder,15-Day IL,Subscribers Only
Sean Manaea,NYM,P,Oblique,60-Day IL,Subscribers Only
Alek Manoah,TOR,P,Elbow,60-Day IL,Subscribers Only
Yander Maria,CHC,P,Undisclosed,7-Day IL,Subscribers Only
Cade Marlowe,SEA,OF,Undisclosed,60-Day IL,Subscribers Only
Alec Marsh,KC,P,Shoulder,60-Day IL,Subscribers Only
Shane Marshall,CHC,P,Undisclosed,60-Day IL,Subscribers Only
Noelvi Marte,CIN,3B,Oblique,10-Day IL,Subscribers Only
Jose Marte,NYM,P,Shoulder,60-Day IL,Subscribers Only
Curley Martha,TEX,SS,Undisclosed,60-Day IL,Subscribers Only
Austin Martin,MIN,OF,Hamstring,7-Day IL,Subscribers Only
Davis Martin,CWS,P,Forearm,15-Day IL,Subscribers Only
Rodolfo Martinez,BAL,P,Undisclosed,7-Day IL,Subscribers Only
Justin Martinez,ARI,P,Elbow,60-Day IL,Subscribers Only
Maximo Martinez,CWS,P,Undisclosed,60-Day IL,Subscribers Only
Michael Massey,KC,2B,Ankle,10-Day IL,Subscribers Only
Michael Massey,DET,P,Undisclosed,60-Day IL,Subscribers Only
Jorge Mateo,BAL,2B,Elbow,10-Day IL,Subscribers Only
Carlos Mateo,KC,P,Undisclosed,60-Day IL,Subscribers Only
Zebby Matthews,MIN,P,Shoulder,15-Day IL,Subscribers Only
Tyler Mattison,DET,P,Elbow,7-Day IL,Subscribers Only
Aiden May,MIA,P,Elbow,60-Day IL,Subscribers Only
Tim Mayza,PIT,P,Shoulder,60-Day IL,Subscribers Only
James McArthur,KC,P,Elbow,60-Day IL,Subscribers Only
Shane McClanahan,TB,P,Triceps,60-Day IL,Subscribers Only
Chas McCormick,HOU,OF,Oblique,10-Day IL,Subscribers Only
Mason McCoy,SD,SS,Finger,10-Day IL,Subscribers Only
Lance McCullers,HOU,P,Foot,15-Day IL,Subscribers Only
Brody McCullough,CHC,P,Forearm,60-Day IL,Subscribers Only
Christian McGowan,PHI,P,Elbow,60-Day IL,Subscribers Only
Brendan McKay,FA,P,Elbow,Out,Subscribers Only
Chris McMahon,COL,P,Undisclosed,60-Day IL,Subscribers Only
Garrett McMillan,PIT,P,Undisclosed,7-Day IL,Subscribers Only
John Means,CLE,P,Elbow,60-Day IL,Subscribers Only
Luis Medina,ATH,P,Elbow,60-Day IL,Subscribers Only
Tylor Megill,NYM,P,Elbow,15-Day IL,Subscribers Only
Cristofer Melendez,PIT,P,Undisclosed,60-Day IL,Subscribers Only
Jacob Melton,HOU,OF,Ankle,10-Day IL,Subscribers Only
Ismael Mena,CHC,OF,Undisclosed,7-Day IL,Subscribers Only
Cristian Mena,ARI,P,Shoulder,60-Day IL,Subscribers Only
Jordarlin Mendoza,NYY,P,Undisclosed,60-Day IL,Subscribers Only
Matt Merrill,DET,P,Undisclosed,7-Day IL,Subscribers Only
Max Meyer,MIA,P,Hip,15-Day IL,Subscribers Only
Noble Meyer,MIA,P,Undisclosed,7-Day IL,Subscribers Only
Keynan Middleton,FA,P,Forearm,Out,Subscribers Only
Spencer Miles,SF,P,Back,60-Day IL,Subscribers Only
Wade Miley,CIN,P,Forearm,15-Day IL,Subscribers Only
Bryce Miller,SEA,P,Elbow,15-Day IL,Subscribers Only
Tyler Miller,BOS,1B,Undisclosed,7-Day IL,Subscribers Only
Cole Miller,ATH,P,Elbow,60-Day IL,Subscribers Only
Jake Miller,DET,P,Undisclosed,7-Day IL,Subscribers Only
A.J. Minter,NYM,P,Lat,60-Day IL,Subscribers Only
Garrett Mitchell,MIL,OF,Shoulder,10-Day IL,Subscribers Only
Blake Mitchell,KC,C,Wrist,7-Day IL,Subscribers Only
Casey Mize,DET,P,Leg,Day-To-Day,Subscribers Only
Yoan Moncada,LAA,3B,Knee,10-Day IL,Subscribers Only
Yordanny Monegro,BOS,P,Elbow,7-Day IL,Subscribers Only
Joseph Montalvo,DET,P,Undisclosed,7-Day IL,Subscribers Only
Bryce Montes de Oca,NYM,P,Elbow,60-Day IL,Subscribers Only
Christian Montes De Oca,ARI,P,Back,60-Day IL,Subscribers Only
Jordan Montgomery,ARI,P,Elbow,60-Day IL,Subscribers Only
Carson Montgomery,SD,P,Undisclosed,60-Day IL,Subscribers Only
Gabriel Moreno,ARI,C,Hand,10-Day IL,Subscribers Only
Koen Moreno,CHC,P,Undisclosed,60-Day IL,Subscribers Only
Keeler Morfe,BAL,P,Finger,7-Day IL,Subscribers Only
Eli Morgan,CHC,P,Elbow,60-Day IL,Subscribers Only
Andrew Morris,MIN,P,Forearm,7-Day IL,Subscribers Only
Ryan Mountcastle,BAL,1B,Hamstring,60-Day IL,Subscribers Only
Zander Mueth,PIT,P,Undisclosed,7-Day IL,Subscribers Only
Tom Murphy,SF,C,Back,60-Day IL,Subscribers Only
Chris Murphy,BOS,P,Elbow,60-Day IL,Subscribers Only
Ryan Murphy,SF,P,Undisclosed,60-Day IL,Subscribers Only
Owen Murphy,ATL,P,Elbow,60-Day IL,Subscribers Only
Chandler Murphy,TB,P,Undisclosed,7-Day IL,Subscribers Only
Joe Musgrove,SD,P,Elbow,60-Day IL,Subscribers Only
Andrew Nardi,MIA,P,Back,60-Day IL,Subscribers Only
Nick Nastrini,CWS,P,Undisclosed,7-Day IL,Subscribers Only
Packy Naughton,STL,P,Elbow,60-Day IL,Subscribers Only
Edgar Navarro,FA,P,Elbow,60-Day IL,Subscribers Only
Josh Naylor,ARI,1B,Shoulder,Day-To-Day,Subscribers Only
Zach Neto,LAA,SS,Shoulder,Day-To-Day,Subscribers Only
Kevin Newman,LAA,SS,Personal,Paternity,Subscribers Only
Jackson Nezuh,HOU,P,Undisclosed,7-Day IL,Subscribers Only
Aaron Nola,PHI,P,Ribs,60-Day IL,Subscribers Only
Connor O'Halloran,TOR,P,Undisclosed,7-Day IL,Subscribers Only
Tyler O'Neill,BAL,OF,Shoulder,10-Day IL,Subscribers Only
Dylan O'Rae,MIL,SS,Undisclosed,60-Day IL,Subscribers Only
Shinnosuke Ogasawara,WSH,P,Oblique,7-Day IL,Subscribers Only
Reese Olson,DET,P,Finger,15-Day IL,Subscribers Only
Emmett Olson,MIA,P,Undisclosed,7-Day IL,Subscribers Only
Steven Ondina,BAL,SS,Undisclosed,7-Day IL,Subscribers Only
Rafael Ortega,NYM,OF,Undisclosed,7-Day IL,Subscribers Only
Oliver Ortega,NYM,P,Elbow,7-Day IL,Subscribers Only
Luis F. Ortiz,NYM,P,Elbow,60-Day IL,Subscribers Only
Jose Ortiz,SF,OF,Undisclosed,7-Day IL,Subscribers Only
Bryce Osmond,LAA,P,Undisclosed,60-Day IL,Subscribers Only
Micah Ottenbreit,PHI,P,Undisclosed,60-Day IL,Subscribers Only
Glenn Otto,HOU,P,Shoulder,7-Day IL,Subscribers Only
Connor Overton,TOR,P,Undisclosed,7-Day IL,Subscribers Only
Johan Oviedo,PIT,P,Lat,60-Day IL,Subscribers Only
Sandy Ozuna,COL,P,Undisclosed,60-Day IL,Subscribers Only
Jedixson Paez,BOS,P,Undisclosed,7-Day IL,Subscribers Only
Richie Palacios,TB,2B,Knee,10-Day IL,Subscribers Only
Miguel Palma,HOU,C,Undisclosed,60-Day IL,Subscribers Only
Wen-Hui Pan,PHI,P,Elbow,60-Day IL,Subscribers Only
Inohan Paniagua,FA,P,Undisclosed,Out,Subscribers Only
Thomas Pannone,MIL,P,Forearm,60-Day IL,Subscribers Only
Joc Pederson,TEX,DH,Hand,10-Day IL,Subscribers Only
Jack Penney,DET,3B,Undisclosed,7-Day IL,Subscribers Only
Luis Perales,BOS,P,Elbow,60-Day IL,Subscribers Only
Angel Perdomo,ATH,P,Undisclosed,7-Day IL,Subscribers Only
Martin Perez,CWS,P,Elbow,60-Day IL,Subscribers Only
Blake Perkins,MIL,OF,Lower Leg,60-Day IL,Subscribers Only
Alex Pham,BAL,P,Forearm,7-Day IL,Subscribers Only
Evan Phillips,LAD,P,Elbow,60-Day IL,Subscribers Only
Cole Phillips,SEA,P,Elbow,60-Day IL,Subscribers Only
Carson Pierce,TOR,P,Undisclosed,60-Day IL,Subscribers Only
Riley Pint,CLE,P,Undisclosed,60-Day IL,Subscribers Only
Chandler Pollard,TEX,SS,Undisclosed,7-Day IL,Subscribers Only
Davis Polo,ATL,P,Undisclosed,60-Day IL,Subscribers Only
Cody Poteet,BAL,P,Shoulder,60-Day IL,Subscribers Only
Cade Povich,BAL,P,Hip,15-Day IL,Subscribers Only
Jurickson Profar,ATL,OF,Suspension,Suspension,Subscribers Only
A.J. Puk,ARI,P,Elbow,60-Day IL,Subscribers Only
Zack Qin,SD,P,Undisclosed,60-Day IL,Subscribers Only
Cole Ragans,KC,P,Shoulder,15-Day IL,Subscribers Only
Bryce Rainer,DET,SS,Shoulder,60-Day IL,Subscribers Only
Brooks Raley,NYM,P,Elbow,60-Day IL,Subscribers Only
Erasmo Ramirez,MIN,P,Shoulder,60-Day IL,Subscribers Only
Luis Ramirez,TEX,P,Undisclosed,60-Day IL,Subscribers Only
Rafael Ramirez,WSH,SS,Undisclosed,7-Day IL,Subscribers Only
Ramon Ramirez,KC,C,Undisclosed,7-Day IL,Subscribers Only
Patrick Reilly,BAL,P,Elbow,60-Day IL,Subscribers Only
Anthony Rendon,LAA,3B,Hip,60-Day IL,Subscribers Only
Orlando Ribalta,WSH,P,Biceps,15-Day IL,Subscribers Only
Yacksel Rios,NYM,P,Undisclosed,60-Day IL,Subscribers Only
Sem Robberse,STL,P,Elbow,60-Day IL,Subscribers Only
Kristian Robinson,ARI,OF,Undisclosed,7-Day IL,Subscribers Only
Hayden Robinson,MIL,P,Elbow,Out,Subscribers Only
Victor Robles,SEA,OF,Shoulder,60-Day IL,Subscribers Only
Domingo Robles,ATH,P,Undisclosed,60-Day IL,Subscribers Only
Brendan Rodgers,HOU,2B,Oblique,10-Day IL,Subscribers Only
Chris Rodriguez,CWS,P,Undisclosed,7-Day IL,Subscribers Only
Grayson Rodriguez,BAL,P,Lat,60-Day IL,Subscribers Only
Emmanuel Rodriguez,MIN,OF,Hip,7-Day IL,Subscribers Only
Manuel Rodriguez,TB,P,Forearm,15-Day IL,Subscribers Only
Endy Rodriguez,PIT,C,Elbow,60-Day IL,Subscribers Only
Luis R. Rodriguez,NYM,P,Undisclosed,7-Day IL,Subscribers Only
Carlos Rodriguez,MIL,P,Forearm,7-Day IL,Subscribers Only
Miguel Rodriguez,BAL,C,Ankle,60-Day IL,Subscribers Only
Manuel Rodriguez,MIL,P,Undisclosed,7-Day IL,Subscribers Only
Ramon Rodriguez,MIL,C,Undisclosed,60-Day IL,Subscribers Only
Kendry Rojas,TOR,P,Abdomen,7-Day IL,Subscribers Only
Franklin Rojas,TOR,C,Undisclosed,7-Day IL,Subscribers Only
Drew Rom,STL,P,Undisclosed,7-Day IL,Subscribers Only
Kiko Romero,NYY,1B,Undisclosed,7-Day IL,Subscribers Only
Eguy Rosario,SD,3B,Groin,60-Day IL,Subscribers Only
Alejandro Rosario,TEX,P,Elbow,60-Day IL,Subscribers Only
Jaden Rudd,TOR,OF,Undisclosed,7-Day IL,Subscribers Only
Matt Rudick,NYM,OF,Elbow,60-Day IL,Subscribers Only
Keibert Ruiz,WSH,C,Head,10-Day IL,Subscribers Only
Adley Rutschman,BAL,C,Oblique,10-Day IL,Subscribers Only
River Ryan,LAD,P,Elbow,60-Day IL,Subscribers Only
Erik Sabrowski,CLE,P,Elbow,60-Day IL,Subscribers Only
Ethan Salas,SD,C,Back,7-Day IL,Subscribers Only
Chris Sale,ATL,P,Ribs,15-Day IL,Subscribers Only
Royber Salinas,ATL,P,Shoulder,60-Day IL,Subscribers Only
Devin Saltiban,PHI,2B,Undisclosed,7-Day IL,Subscribers Only
Patrick Sandoval,BOS,P,Elbow,60-Day IL,Subscribers Only
Yohanfer Santana,MIA,P,Elbow,Out,Subscribers Only
Anthony Santander,TOR,OF,Shoulder,10-Day IL,Subscribers Only
Gregory Santos,SEA,P,Knee,60-Day IL,Subscribers Only
Victor Santos,STL,P,Undisclosed,60-Day IL,Subscribers Only
Dahian Santos,TOR,P,Undisclosed,60-Day IL,Subscribers Only
Winston Santos,TEX,P,Back,7-Day IL,Subscribers Only
Roki Sasaki,LAD,P,Shoulder,60-Day IL,Subscribers Only
Casey Saucke,CWS,OF,Elbow,60-Day IL,Subscribers Only
Josh Sborz,TEX,P,Shoulder,60-Day IL,Subscribers Only
Max Scherzer,TOR,P,Thumb,60-Day IL,Subscribers Only
Tanner Schobel,MIN,2B,Forearm,60-Day IL,Subscribers Only
Jesse Scholtens,CWS,P,Elbow,60-Day IL,Subscribers Only
Connor Scott,KC,OF,Undisclosed,60-Day IL,Subscribers Only
Christian Scott,NYM,P,Elbow,60-Day IL,Subscribers Only
Kodai Senga,NYM,P,Hamstring,15-Day IL,Subscribers Only
Luis Serna,NYY,P,Undisclosed,60-Day IL,Subscribers Only
Paul Sewald,CLE,P,Shoulder,15-Day IL,Subscribers Only
Reese Sharp,BAL,P,Elbow,60-Day IL,Subscribers Only
Ben Shields,NYY,P,Undisclosed,60-Day IL,Subscribers Only
Jared Shuster,CWS,P,Finger,15-Day IL,Subscribers Only
Chase Silseth,LAA,P,Undisclosed,7-Day IL,Subscribers Only
Andres Silvera,PIT,P,Undisclosed,60-Day IL,Subscribers Only
Kohl Simas,CWS,P,Undisclosed,60-Day IL,Subscribers Only
Anthony Simonelli,KC,P,Undisclosed,60-Day IL,Subscribers Only
Jose Siri,NYM,OF,Lower Leg,60-Day IL,Subscribers Only
Justin Slaten,BOS,P,Shoulder,15-Day IL,Subscribers Only
Ethan Small,SF,P,Undisclosed,7-Day IL,Subscribers Only
Drew Smith,NYM,P,Elbow,60-Day IL,Subscribers Only
Russell Smith,MIL,P,Undisclosed,7-Day IL,Subscribers Only
Cade Smith,NYY,P,Shoulder,7-Day IL,Subscribers Only
AJ Smith-Shawver,ATL,P,Elbow,60-Day IL,Subscribers Only
Blake Snell,LAD,P,Shoulder,60-Day IL,Subscribers Only
Collin Snider,SEA,P,Forearm,15-Day IL,Subscribers Only
Jorge Soler,LAA,OF,Back,10-Day IL,Subscribers Only
Anthony Solometo,PIT,P,Shoulder,60-Day IL,Subscribers Only
Thomas Sosa,BAL,OF,Undisclosed,7-Day IL,Subscribers Only
Charlee Soto,MIN,P,Triceps,60-Day IL,Subscribers Only
Carson Spiers,CIN,P,Shoulder,60-Day IL,Subscribers Only
John Spikerman,PHI,OF,Undisclosed,7-Day IL,Subscribers Only
Josh Staumont,CIN,P,Undisclosed,60-Day IL,Subscribers Only
Justin Steele,CHC,P,Elbow,60-Day IL,Subscribers Only
Trevor Stephan,CLE,P,Elbow,60-Day IL,Subscribers Only
Robert Stephenson,LAA,P,Biceps,15-Day IL,Subscribers Only
Kevin Stevens,NYY,P,Undisclosed,60-Day IL,Subscribers Only
Gavin Stone,LAD,P,Shoulder,60-Day IL,Subscribers Only
Marcus Stroman,NYY,P,Knee,15-Day IL,Subscribers Only
Albert Suarez,BAL,P,Shoulder,60-Day IL,Subscribers Only
Eugenio Suarez,ARI,3B,Hand,Day-To-Day,Subscribers Only
Jose Suarez,ATL,P,Undisclosed,7-Day IL,Subscribers Only
Robert Suarez,SD,P,Suspension,Suspension,Subscribers Only
Alexander Suarez,SF,OF,Undisclosed,60-Day IL,Subscribers Only
Santiago Suarez,TB,P,Undisclosed,7-Day IL,Subscribers Only
Cameron Sullivan,CLE,P,Elbow,60-Day IL,Subscribers Only
Jarlin Susana,WSH,P,Elbow,7-Day IL,Subscribers Only
Zach Swanson,DET,P,Elbow,60-Day IL,Subscribers Only
Nic Swanson,HOU,P,Undisclosed,7-Day IL,Subscribers Only
Carlos Tavera,BAL,P,Undisclosed,7-Day IL,Subscribers Only
Chris Taylor,LAA,2B,Hand,10-Day IL,Subscribers Only
Carson Taylor,PHI,C,Undisclosed,60-Day IL,Subscribers Only
Enmanuel Tejeda,NYY,3B,Undisclosed,60-Day IL,Subscribers Only
Connor Thomas,MIL,P,Elbow,60-Day IL,Subscribers Only
Andy Thomas,SD,C,Personal,Out,Subscribers Only
Mason Thompson,WSH,P,Elbow,60-Day IL,Subscribers Only
Zach Thompson,ATL,P,Undisclosed,7-Day IL,Subscribers Only
Zack Thompson,STL,P,Lat,60-Day IL,Subscribers Only
Jake Thompson,MIA,OF,Undisclosed,7-Day IL,Subscribers Only
Drew Thorpe,CWS,P,Elbow,60-Day IL,Subscribers Only
Ricky Tiedemann,TOR,P,Elbow,60-Day IL,Subscribers Only
Izack Tiger,TEX,P,Elbow,60-Day IL,Subscribers Only
Junior Tilien,DET,SS,Oblique,60-Day IL,Subscribers Only
Jesus Tinoco,MIA,P,Forearm,15-Day IL,Subscribers Only
Andrew Toles,LAD,OF,Personal,Out,Subscribers Only
Alejandro Torres,HOU,P,Undisclosed,7-Day IL,Subscribers Only
Ezequiel Tovar,COL,SS,Oblique,10-Day IL,Subscribers Only
Blake Treinen,LAD,P,Forearm,60-Day IL,Subscribers Only
Fenwick Trimble,MIA,OF,Hamstring,7-Day IL,Subscribers Only
Brady Tygart,BOS,P,Undisclosed,60-Day IL,Subscribers Only
Miguel Ugueto,STL,OF,Undisclosed,7-Day IL,Subscribers Only
Jose Urquidy,DET,P,Elbow,60-Day IL,Subscribers Only
Enmanuel Valdez,PIT,2B,Shoulder,60-Day IL,Subscribers Only
Luis Valdez,TEX,P,Undisclosed,60-Day IL,Subscribers Only
Derniche Valdez,CHC,SS,Undisclosed,7-Day IL,Subscribers Only
Juan Valera,BOS,P,Elbow,7-Day IL,Subscribers Only
Logan VanWey,HOU,P,Undisclosed,7-Day IL,Subscribers Only
Ildemaro Vargas,ARI,3B,Foot,10-Day IL,Subscribers Only
Daulton Varsho,TOR,OF,Hamstring,10-Day IL,Subscribers Only
Luis Velasquez,NYY,P,Undisclosed,60-Day IL,Subscribers Only
Thyago Vieira,FA,P,Elbow,Out,Subscribers Only
Mark Vientos,NYM,3B,Hamstring,10-Day IL,Subscribers Only
Matt Vierling,DET,OF,Shoulder,10-Day IL,Subscribers Only
Darius Vines,ATL,P,Undisclosed,60-Day IL,Subscribers Only
Luke Waddell,ATL,SS,Undisclosed,7-Day IL,Subscribers Only
Jacob Waguespack,TB,P,Undisclosed,7-Day IL,Subscribers Only
Cole Waites,SF,P,Undisclosed,7-Day IL,Subscribers Only
Ken Waldichuk,ATH,P,Elbow,60-Day IL,Subscribers Only
Blake Walston,ARI,P,Elbow,60-Day IL,Subscribers Only
Andrew Walters,CLE,P,Lat,60-Day IL,Subscribers Only
Andrew Wantz,TB,P,Elbow,60-Day IL,Subscribers Only
Ryan Weathers,MIA,P,Lat,60-Day IL,Subscribers Only
Blake Wehunt,BOS,P,Undisclosed,7-Day IL,Subscribers Only
Blake Weiman,HOU,P,Undisclosed,7-Day IL,Subscribers Only
Tyler Wells,BAL,P,Elbow,60-Day IL,Subscribers Only
Hayden Wesneski,HOU,P,Elbow,60-Day IL,Subscribers Only
Jordan Westburg,BAL,2B,Finger,Day-To-Day,Subscribers Only
Evan White,LAA,1B,Hip,7-Day IL,Subscribers Only
Kodi Whitley,TB,P,Undisclosed,60-Day IL,Subscribers Only
Kyle Whitten,TB,P,Undisclosed,60-Day IL,Subscribers Only
Jordan Wicks,CHC,P,Undisclosed,7-Day IL,Subscribers Only
Brock Wilken,MIL,3B,Knee,Out,Subscribers Only
Case Williams,COL,P,Triceps,60-Day IL,Subscribers Only
Brandon Williamson,CIN,P,Elbow,60-Day IL,Subscribers Only
Paul Wilson,DET,P,Undisclosed,60-Day IL,Subscribers Only
Josh Winckowski,BOS,P,Elbow,60-Day IL,Subscribers Only
Josh Winder,FA,P,Elbow,Out,Subscribers Only
Patrick Winkel,MIN,C,Wrist,7-Day IL,Subscribers Only
Jesse Winker,NYM,OF,Oblique,60-Day IL,Subscribers Only
Keaton Winn,SF,P,Undisclosed,7-Day IL,Subscribers Only
Alex Wood,FA,P,Shoulder,Out,Subscribers Only
Brandon Woodruff,MIL,P,Elbow,60-Day IL,Subscribers Only
Jason Woodward,MIL,P,Undisclosed,60-Day IL,Subscribers Only
Ryan Yarbrough,NYY,P,Oblique,15-Day IL,Subscribers Only
Masataka Yoshida,BOS,DH,Shoulder,60-Day IL,Subscribers Only
Alex Young,CIN,P,Elbow,60-Day IL,Subscribers Only
Carter Young,BAL,SS,Undisclosed,60-Day IL,Subscribers Only
Danny Young,NYM,P,Elbow,60-Day IL,Subscribers Only
Alfredo Zarraga,TB,P,Undisclosed,60-Day IL,Subscribers Only
Calvin Ziegler,NYM,P,Elbow,Out,Subscribers Only
Steven Zobac,KC,P,Knee,7-Day IL,Subscribers Only