Position,Name + ID,Name,ID,Roster Position,Salary,Game Info,TeamAbbrev,AvgPointsPerGame
RP,Hunter Brown (39204162),Hunter Brown,39204162,P,10500,PHI@HOU 06/25/2025 08:10PM ET,HOU,24.47
SP,Zack Wheeler (39203788),Zack Wheeler,39203788,P,10300,PHI@HOU 06/25/2025 08:10PM ET,PHI,24.47
SP,Chris Sale (39204163),Chris Sale,39204163,P,10200,ATL@NYM 06/25/2025 07:10PM ET,ATL,22.16
SP,Logan Webb (39203789),Logan Webb,39203789,P,10000,MIA@SF 06/25/2025 09:45PM ET,SF,22.48
SP,Robbie Ray (39204164),Robbie Ray,39204164,P,10000,MIA@SF 06/25/2025 09:45PM ET,SF,20.35
SP,Kodai Senga (39204166),Kodai Senga,39204166,P,9700,ATL@NYM 06/25/2025 07:10PM ET,NYM,20.00
RP,Framber Valdez (39204165),Framber Valdez,39204165,P,9700,PHI@HOU 06/25/2025 08:10PM ET,HOU,20.92
RP,Grant Holmes (39204167),Grant Holmes,39204167,P,9600,ATL@NYM 06/25/2025 07:10PM ET,ATL,16.73
SP,Spencer Schwellenbach (39204168),Spencer Schwellenbach,39204168,P,9600,ATL@NYM 06/25/2025 07:10PM ET,ATL,19.51
RP,Spencer Strider (39204169),Spencer Strider,39204169,P,9600,ATL@NYM 06/25/2025 07:10PM ET,ATL,17.91
SP,Max Fried (39203790),Max Fried,39203790,P,9500,NYY@CIN 06/25/2025 07:10PM ET,NYY,21.68
SP,Carlos Rodon (39204170),Carlos Rodon,39204170,P,9500,NYY@CIN 06/25/2025 07:10PM ET,NYY,22.09
SP,Clarke Schmidt (39204171),Clarke Schmidt,39204171,P,9500,NYY@CIN 06/25/2025 07:10PM ET,NYY,17.81
SP,Gerrit Cole (39204172),Gerrit Cole,39204172,P,9500,NYY@CIN 06/25/2025 07:10PM ET,NYY,0
SP,Sonny Gray (39204173),Sonny Gray,39204173,P,9400,CHC@STL 06/25/2025 07:45PM ET,STL,17.74
SP,Ranger Suarez (39204174),Ranger Suarez,39204174,P,9300,PHI@HOU 06/25/2025 08:10PM ET,PHI,21.80
SP,Jesus Luzardo (39204175),Jesus Luzardo,39204175,P,9300,PHI@HOU 06/25/2025 08:10PM ET,PHI,17.64
SP,Cristopher Sanchez (39204176),Cristopher Sanchez,39204176,P,9300,PHI@HOU 06/25/2025 08:10PM ET,PHI,19.10
SP,Kris Bubic (39204177),Kris Bubic,39204177,P,9200,TB@KC 06/25/2025 07:40PM ET,KC,20.70
SP,Cole Ragans (39204178),Cole Ragans,39204178,P,9200,TB@KC 06/25/2025 07:40PM ET,KC,17.45
RP,AJ Smith-Shawver (39204179),AJ Smith-Shawver,39204179,P,9100,ATL@NYM 06/25/2025 07:10PM ET,ATL,13.26
SP,Joe Ryan (39203791),Joe Ryan,39203791,P,9000,SEA@MIN 06/25/2025 07:40PM ET,MIN,20.12
SP,Bryan Woo (39204180),Bryan Woo,39204180,P,9000,SEA@MIN 06/25/2025 07:40PM ET,SEA,19.91
SP,Logan Gilbert (39204181),Logan Gilbert,39204181,P,9000,SEA@MIN 06/25/2025 07:40PM ET,SEA,21.07
SP,Pablo Lopez (39204182),Pablo Lopez,39204182,P,9000,SEA@MIN 06/25/2025 07:40PM ET,MIN,18.16
SP,Hunter Greene (39204183),Hunter Greene,39204183,P,8900,NYY@CIN 06/25/2025 07:10PM ET,CIN,20.39
SP,Andrew Abbott (39204186),Andrew Abbott,39204186,P,8800,NYY@CIN 06/25/2025 07:10PM ET,CIN,20.98
SP,Yoshinobu Yamamoto (39203792),Yoshinobu Yamamoto,39203792,P,8800,LAD@COL 06/25/2025 08:40PM ET,LAD,19.74
SP,Tyler Glasnow (39204184),Tyler Glasnow,39204184,P,8800,LAD@COL 06/25/2025 08:40PM ET,LAD,11.62
SP,Blake Snell (39204185),Blake Snell,39204185,P,8800,LAD@COL 06/25/2025 08:40PM ET,LAD,8.72
SP,Lance McCullers Jr. (39204188),Lance McCullers Jr.,39204188,P,8500,PHI@HOU 06/25/2025 08:10PM ET,HOU,12.63
SP,Spencer Arrighetti (39204189),Spencer Arrighetti,39204189,P,8500,PHI@HOU 06/25/2025 08:10PM ET,HOU,11.88
SP,Shane McClanahan (39204187),Shane McClanahan,39204187,P,8500,TB@KC 06/25/2025 07:40PM ET,TB,0
SP,Aaron Nola (39204190),Aaron Nola,39204190,P,8300,PHI@HOU 06/25/2025 08:10PM ET,PHI,11.66
SP,Ronel Blanco (39204194),Ronel Blanco,39204194,P,8300,PHI@HOU 06/25/2025 08:10PM ET,HOU,15.46
SP,Mick Abel (39204195),Mick Abel,39204195,P,8300,PHI@HOU 06/25/2025 08:10PM ET,PHI,12.34
SP,Matthew Boyd (39203793),Matthew Boyd,39203793,P,8300,CHC@STL 06/25/2025 07:45PM ET,CHC,17.26
SP,Shota Imanaga (39204191),Shota Imanaga,39204191,P,8300,CHC@STL 06/25/2025 07:45PM ET,CHC,15.39
SP,Ben Brown (39204192),Ben Brown,39204192,P,8300,CHC@STL 06/25/2025 07:45PM ET,CHC,12.09
SP,Justin Steele (39204193),Justin Steele,39204193,P,8300,CHC@STL 06/25/2025 07:45PM ET,CHC,16.2
SP,Jameson Taillon (39204196),Jameson Taillon,39204196,P,8300,CHC@STL 06/25/2025 07:45PM ET,CHC,13.91
SP,Tylor Megill (39204199),Tylor Megill,39204199,P,8200,ATL@NYM 06/25/2025 07:10PM ET,NYM,16.55
SP,David Peterson (39204200),David Peterson,39204200,P,8200,ATL@NYM 06/25/2025 07:10PM ET,NYM,17.03
SP,Brandon Walter (39204201),Brandon Walter,39204201,P,8200,PHI@HOU 06/25/2025 08:10PM ET,HOU,16.61
RP,Seth Lugo (39204197),Seth Lugo,39204197,P,8200,TB@KC 06/25/2025 07:40PM ET,KC,16.48
SP,Noah Cameron (39204198),Noah Cameron,39204198,P,8200,TB@KC 06/25/2025 07:40PM ET,KC,16.71
SP,Bryce Elder (39204202),Bryce Elder,39204202,P,8100,ATL@NYM 06/25/2025 07:10PM ET,ATL,11.82
SP,George Kirby (39203794),George Kirby,39203794,P,8000,SEA@MIN 06/25/2025 07:40PM ET,SEA,11.67
SP,Luis Castillo (39204203),Luis Castillo,39204203,P,8000,SEA@MIN 06/25/2025 07:40PM ET,SEA,14.07
SP,Bryce Miller (39204204),Bryce Miller,39204204,P,8000,SEA@MIN 06/25/2025 07:40PM ET,SEA,8.73
SP,Zebby Matthews (39204205),Zebby Matthews,39204205,P,8000,SEA@MIN 06/25/2025 07:40PM ET,MIN,14.49
SP,Rhett Lowder (39204206),Rhett Lowder,39204206,P,7900,NYY@CIN 06/25/2025 07:10PM ET,CIN,0
RP,Nick Martinez (39204207),Nick Martinez,39204207,P,7900,NYY@CIN 06/25/2025 07:10PM ET,CIN,10.91
SP,Connor Phillips (39204208),Connor Phillips,39204208,P,7900,NYY@CIN 06/25/2025 07:10PM ET,CIN,5.65
RP,Lyon Richardson (39204209),Lyon Richardson,39204209,P,7900,NYY@CIN 06/25/2025 07:10PM ET,CIN,3.40
SP,Graham Ashcraft (39204210),Graham Ashcraft,39204210,P,7900,NYY@CIN 06/25/2025 07:10PM ET,CIN,3.80
SP,Nick Lodolo (39204211),Nick Lodolo,39204211,P,7900,NYY@CIN 06/25/2025 07:10PM ET,CIN,15.34
SP,Brandon Williamson (39204212),Brandon Williamson,39204212,P,7900,NYY@CIN 06/25/2025 07:10PM ET,CIN,0
RP,Carson Spiers (39204213),Carson Spiers,39204213,P,7900,NYY@CIN 06/25/2025 07:10PM ET,CIN,7.13
SP,Wade Miley (39204214),Wade Miley,39204214,P,7800,NYY@CIN 06/25/2025 07:10PM ET,CIN,4.6
SP,Chase Petty (39204215),Chase Petty,39204215,P,7800,NYY@CIN 06/25/2025 07:10PM ET,CIN,-4.1
SP,Julian Aguiar (39204216),Julian Aguiar,39204216,P,7800,NYY@CIN 06/25/2025 07:10PM ET,CIN,0
SP,Roki Sasaki (39204217),Roki Sasaki,39204217,P,7800,LAD@COL 06/25/2025 08:40PM ET,LAD,7.61
SP,Tony Gonsolin (39204218),Tony Gonsolin,39204218,P,7800,LAD@COL 06/25/2025 08:40PM ET,LAD,13.8
SP,Dustin May (39204219),Dustin May,39204219,P,7800,LAD@COL 06/25/2025 08:40PM ET,LAD,13.74
SP,Gavin Stone (39204220),Gavin Stone,39204220,P,7800,LAD@COL 06/25/2025 08:40PM ET,LAD,0
SP,River Ryan (39204221),River Ryan,39204221,P,7800,LAD@COL 06/25/2025 08:40PM ET,LAD,0
RP,Clay Holmes (39203795),Clay Holmes,39203795,P,7700,ATL@NYM 06/25/2025 07:10PM ET,NYM,16.08
SP,Griffin Canning (39204222),Griffin Canning,39204222,P,7700,ATL@NYM 06/25/2025 07:10PM ET,NYM,13.42
SP,Sean Manaea (39204223),Sean Manaea,39204223,P,7700,ATL@NYM 06/25/2025 07:10PM ET,NYM,0
SP,Frankie Montas (39204224),Frankie Montas,39204224,P,7700,ATL@NYM 06/25/2025 07:10PM ET,NYM,17.65
RP,Brandon Waddell (39204225),Brandon Waddell,39204225,P,7700,ATL@NYM 06/25/2025 07:10PM ET,NYM,5.7
SP,Max Kranick (39204226),Max Kranick,39204226,P,7700,ATL@NYM 06/25/2025 07:10PM ET,NYM,3.83
RP,Justin Hagenman (39204227),Justin Hagenman,39204227,P,7700,ATL@NYM 06/25/2025 07:10PM ET,NYM,9.25
RP,Austin Warren (39204228),Austin Warren,39204228,P,7700,ATL@NYM 06/25/2025 07:10PM ET,NYM,3.65
RP,Jose Butto (39204229),Jose Butto,39204229,P,7700,ATL@NYM 06/25/2025 07:10PM ET,NYM,3.99
SP,Christian Scott (39204230),Christian Scott,39204230,P,7700,ATL@NYM 06/25/2025 07:10PM ET,NYM,0
SP,Blade Tidwell (39204231),Blade Tidwell,39204231,P,7700,ATL@NYM 06/25/2025 07:10PM ET,NYM,0.25
SP,Paul Blackburn (39204232),Paul Blackburn,39204232,P,7700,ATL@NYM 06/25/2025 07:10PM ET,NYM,4.11
RP,Janson Junk (39204233),Janson Junk,39204233,P,7700,MIA@SF 06/25/2025 09:45PM ET,MIA,14.58
SP,Max Meyer (39204234),Max Meyer,39204234,P,7700,MIA@SF 06/25/2025 09:45PM ET,MIA,14.04
SP,Steven Matz (39204235),Steven Matz,39204235,P,7600,CHC@STL 06/25/2025 07:45PM ET,STL,5.66
SP,Will Warren (39204236),Will Warren,39204236,P,7500,NYY@CIN 06/25/2025 07:10PM ET,NYY,14.89
SP,Luis Gil (39204247),Luis Gil,39204247,P,7500,NYY@CIN 06/25/2025 07:10PM ET,NYY,0
RP,Ryan Yarbrough (39204248),Ryan Yarbrough,39204248,P,7500,NYY@CIN 06/25/2025 07:10PM ET,NYY,9.14
SP,Michael Arias (39204249),Michael Arias,39204249,P,7500,NYY@CIN 06/25/2025 07:10PM ET,NYY,0
SP,JT Brubaker (39204250),JT Brubaker,39204250,P,7500,NYY@CIN 06/25/2025 07:10PM ET,NYY,5.3
SP,Allan Winans (39204251),Allan Winans,39204251,P,7500,NYY@CIN 06/25/2025 07:10PM ET,NYY,-0.45
SP,Marcus Stroman (39204252),Marcus Stroman,39204252,P,7500,NYY@CIN 06/25/2025 07:10PM ET,NYY,-0.13
SP,Drew Rasmussen (39203796),Drew Rasmussen,39203796,P,7500,TB@KC 06/25/2025 07:40PM ET,TB,16.13
SP,Ryan Pepiot (39204237),Ryan Pepiot,39204237,P,7500,TB@KC 06/25/2025 07:40PM ET,TB,17.92
SP,Taj Bradley (39204238),Taj Bradley,39204238,P,7500,TB@KC 06/25/2025 07:40PM ET,TB,13.25
RP,Zack Littell (39204239),Zack Littell,39204239,P,7500,TB@KC 06/25/2025 07:40PM ET,TB,14.32
RP,Forrest Whitley (39204240),Forrest Whitley,39204240,P,7500,TB@KC 06/25/2025 07:40PM ET,TB,-0.34
SP,Joe Boyle (39204241),Joe Boyle,39204241,P,7500,TB@KC 06/25/2025 07:40PM ET,TB,27.45
RP,Ian Seymour (39204242),Ian Seymour,39204242,P,7500,TB@KC 06/25/2025 07:40PM ET,TB,11.3
RP,Mason Englert (39204243),Mason Englert,39204243,P,7500,TB@KC 06/25/2025 07:40PM ET,TB,3.93
SP,Shane Baz (39204244),Shane Baz,39204244,P,7500,TB@KC 06/25/2025 07:40PM ET,TB,14.07
RP,Alex Faedo (39204245),Alex Faedo,39204245,P,7500,TB@KC 06/25/2025 07:40PM ET,TB,0
RP,Jacob Waguespack (39204246),Jacob Waguespack,39204246,P,7500,TB@KC 06/25/2025 07:40PM ET,TB,0
1B/OF,Shohei Ohtani (39203804),Shohei Ohtani,39203804,1B/OF,7400,LAD@COL 06/25/2025 08:40PM ET,LAD,11.87
SP,Seth Johnson (39204253),Seth Johnson,39204253,P,7300,PHI@HOU 06/25/2025 08:10PM ET,PHI,1.3
RP,Ryan Weathers (39204255),Ryan Weathers,39204255,P,7200,MIA@SF 06/25/2025 09:45PM ET,MIA,14.26
RP,Matthew Liberatore (39204254),Matthew Liberatore,39204254,P,7200,CHC@STL 06/25/2025 07:45PM ET,STL,14.64
SP,Michael Wacha (39203797),Michael Wacha,39203797,P,7200,TB@KC 06/25/2025 07:40PM ET,KC,14.34
SP,Kyle Wright (39204256),Kyle Wright,39204256,P,7200,TB@KC 06/25/2025 07:40PM ET,KC,0
SP,Jonathan Bowlan (39204257),Jonathan Bowlan,39204257,P,7200,TB@KC 06/25/2025 07:40PM ET,KC,3.46
SP,Daniel Lynch IV (39204258),Daniel Lynch IV,39204258,P,7200,TB@KC 06/25/2025 07:40PM ET,KC,2.58
RP,Sam Long (39204259),Sam Long,39204259,P,7200,TB@KC 06/25/2025 07:40PM ET,KC,0.32
RP,James McArthur (39204260),James McArthur,39204260,P,7200,TB@KC 06/25/2025 07:40PM ET,KC,0
SP,Alec Marsh (39204261),Alec Marsh,39204261,P,7200,TB@KC 06/25/2025 07:40PM ET,KC,0
SP,Michael Lorenzen (39204262),Michael Lorenzen,39204262,P,7200,TB@KC 06/25/2025 07:40PM ET,KC,12.15
RP,Angel Zerpa (39204263),Angel Zerpa,39204263,P,7200,TB@KC 06/25/2025 07:40PM ET,KC,2.55
SP,Brady Singer (39203798),Brady Singer,39203798,P,7000,NYY@CIN 06/25/2025 07:10PM ET,CIN,13.82
SP,Keaton Winn (39204264),Keaton Winn,39204264,P,7000,MIA@SF 06/25/2025 09:45PM ET,SF,0
SP,Hayden Birdsong (39204265),Hayden Birdsong,39204265,P,7000,MIA@SF 06/25/2025 09:45PM ET,SF,9.34
RP,Landen Roupp (39204266),Landen Roupp,39204266,P,7000,MIA@SF 06/25/2025 09:45PM ET,SF,13.4
SP,Carson Ragsdale (39204267),Carson Ragsdale,39204267,P,7000,MIA@SF 06/25/2025 09:45PM ET,SF,0
SP,Carson Seymour (39204268),Carson Seymour,39204268,P,7000,MIA@SF 06/25/2025 09:45PM ET,SF,0
RP,Tristan Beck (39204269),Tristan Beck,39204269,P,7000,MIA@SF 06/25/2025 09:45PM ET,SF,4
SP,Joey Lucchesi (39204270),Joey Lucchesi,39204270,P,7000,MIA@SF 06/25/2025 09:45PM ET,SF,-0.36
SP,Justin Verlander (39204271),Justin Verlander,39204271,P,7000,MIA@SF 06/25/2025 09:45PM ET,SF,10.45
RP,Mason Black (39204272),Mason Black,39204272,P,7000,MIA@SF 06/25/2025 09:45PM ET,SF,0
RP,Spencer Bivens (39204273),Spencer Bivens,39204273,P,7000,MIA@SF 06/25/2025 09:45PM ET,SF,3.86
RP,Jhonathan Diaz (39204274),Jhonathan Diaz,39204274,P,7000,SEA@MIN 06/25/2025 07:40PM ET,SEA,4.4
SP,Jackson Kowar (39204275),Jackson Kowar,39204275,P,7000,SEA@MIN 06/25/2025 07:40PM ET,SEA,4.3
SP,Matt Brash (39204276),Matt Brash,39204276,P,7000,SEA@MIN 06/25/2025 07:40PM ET,SEA,3.17
SP,Blas Castano (39204277),Blas Castano,39204277,P,7000,SEA@MIN 06/25/2025 07:40PM ET,SEA,-1.45
SP,Logan Evans (39204278),Logan Evans,39204278,P,7000,SEA@MIN 06/25/2025 07:40PM ET,SEA,12.8
RP,Casey Lawrence (39204279),Casey Lawrence,39204279,P,7000,SEA@MIN 06/25/2025 07:40PM ET,SEA,4.16
SP,Emerson Hancock (39204280),Emerson Hancock,39204280,P,7000,SEA@MIN 06/25/2025 07:40PM ET,SEA,9.46
SP,Bailey Ober (39204281),Bailey Ober,39204281,P,7000,SEA@MIN 06/25/2025 07:40PM ET,MIN,11.47
RP,Cole Sands (39204282),Cole Sands,39204282,P,7000,SEA@MIN 06/25/2025 07:40PM ET,MIN,2.19
RP,Louis Varland (39204283),Louis Varland,39204283,P,7000,SEA@MIN 06/25/2025 07:40PM ET,MIN,3.38
SP,Chris Paddack (39204284),Chris Paddack,39204284,P,7000,SEA@MIN 06/25/2025 07:40PM ET,MIN,10.74
SP,Simeon Woods Richardson (39204285),Simeon Woods Richardson,39204285,P,7000,SEA@MIN 06/25/2025 07:40PM ET,MIN,10.18
SP,David Festa (39204286),David Festa,39204286,P,7000,SEA@MIN 06/25/2025 07:40PM ET,MIN,8.85
RP,Griffin Jax (39204287),Griffin Jax,39204287,P,7000,SEA@MIN 06/25/2025 07:40PM ET,MIN,3.79
RP,Connor Gillispie (39204288),Connor Gillispie,39204288,P,7000,SEA@MIN 06/25/2025 07:40PM ET,MIN,4.68
SP,Emmet Sheehan (39204289),Emmet Sheehan,39204289,P,6800,LAD@COL 06/25/2025 08:40PM ET,LAD,17.2
SP,Clayton Kershaw (39204290),Clayton Kershaw,39204290,P,6800,LAD@COL 06/25/2025 08:40PM ET,LAD,11.96
OF,Aaron Judge (39203806),Aaron Judge,39203806,OF,6700,NYY@CIN 06/25/2025 07:10PM ET,NYY,12.27
SP,Edward Cabrera (39203799),Edward Cabrera,39203799,P,6700,MIA@SF 06/25/2025 09:45PM ET,MIA,13.86
SP,Sandy Alcantara (39204291),Sandy Alcantara,39204291,P,6700,MIA@SF 06/25/2025 09:45PM ET,MIA,8.3
SP,Adam Mazur (39204292),Adam Mazur,39204292,P,6700,MIA@SF 06/25/2025 09:45PM ET,MIA,9.35
SP,Eury Perez (39204293),Eury Perez,39204293,P,6700,MIA@SF 06/25/2025 09:45PM ET,MIA,6.95
SP,Dax Fulton (39204294),Dax Fulton,39204294,P,6700,MIA@SF 06/25/2025 09:45PM ET,MIA,0
SP,Valente Bellozo (39204295),Valente Bellozo,39204295,P,6700,MIA@SF 06/25/2025 09:45PM ET,MIA,7.29
RP,Anthony Veneziano (39204296),Anthony Veneziano,39204296,P,6700,MIA@SF 06/25/2025 09:45PM ET,MIA,1.82
RP,Calvin Faucher (39204297),Calvin Faucher,39204297,P,6700,MIA@SF 06/25/2025 09:45PM ET,MIA,2.51
RP,Tyler Phillips (39204298),Tyler Phillips,39204298,P,6700,MIA@SF 06/25/2025 09:45PM ET,MIA,2.58
RP,Freddy Tarnok (39204299),Freddy Tarnok,39204299,P,6700,MIA@SF 06/25/2025 09:45PM ET,MIA,4.95
SP,Braxton Garrett (39204300),Braxton Garrett,39204300,P,6700,MIA@SF 06/25/2025 09:45PM ET,MIA,0
SP,Cal Quantrill (39204301),Cal Quantrill,39204301,P,6700,MIA@SF 06/25/2025 09:45PM ET,MIA,8.08
OF,Ronald Acuna Jr. (39203807),Ronald Acuna Jr.,39203807,OF,6600,ATL@NYM 06/25/2025 07:10PM ET,ATL,12.17
SP,Colton Gordon (39203800),Colton Gordon,39203800,P,6500,PHI@HOU 06/25/2025 08:10PM ET,HOU,12.89
SP,Ryan Gusto (39204302),Ryan Gusto,39204302,P,6500,PHI@HOU 06/25/2025 08:10PM ET,HOU,10.18
SP,Cristian Javier (39204303),Cristian Javier,39204303,P,6500,PHI@HOU 06/25/2025 08:10PM ET,HOU,0
SP,Luis Garcia (39204304),Luis Garcia,39204304,P,6500,PHI@HOU 06/25/2025 08:10PM ET,HOU,0
SP,AJ Blubaugh (39204305),AJ Blubaugh,39204305,P,6500,PHI@HOU 06/25/2025 08:10PM ET,HOU,13.4
RP,Hayden Wesneski (39204306),Hayden Wesneski,39204306,P,6500,PHI@HOU 06/25/2025 08:10PM ET,HOU,13.4
SP,J.P. France (39204307),J.P. France,39204307,P,6500,PHI@HOU 06/25/2025 08:10PM ET,HOU,0
RP,Shawn Dubin (39204308),Shawn Dubin,39204308,P,6500,PHI@HOU 06/25/2025 08:10PM ET,HOU,3.85
RP,Jason Alexander (39204309),Jason Alexander,39204309,P,6500,PHI@HOU 06/25/2025 08:10PM ET,HOU,1.32
C,Cal Raleigh (39203808),Cal Raleigh,39203808,C,6500,SEA@MIN 06/25/2025 07:40PM ET,SEA,11.57
OF,Kyle Tucker (39203809),Kyle Tucker,39203809,OF,6400,CHC@STL 06/25/2025 07:45PM ET,CHC,10.45
SS,Elly De La Cruz (39203810),Elly De La Cruz,39203810,SS,6300,NYY@CIN 06/25/2025 07:10PM ET,CIN,10.39
SP,Chris Flexen (39204310),Chris Flexen,39204310,P,6300,CHC@STL 06/25/2025 07:45PM ET,CHC,5.67
RP,Eli Morgan (39204311),Eli Morgan,39204311,P,6300,CHC@STL 06/25/2025 07:45PM ET,CHC,-0.64
SP,Jordan Wicks (39204312),Jordan Wicks,39204312,P,6300,CHC@STL 06/25/2025 07:45PM ET,CHC,-0.55
SP,Javier Assad (39204313),Javier Assad,39204313,P,6300,CHC@STL 06/25/2025 07:45PM ET,CHC,0
RP,Colin Rea (39204314),Colin Rea,39204314,P,6300,CHC@STL 06/25/2025 07:45PM ET,CHC,9.66
SP,Cade Horton (39204315),Cade Horton,39204315,P,6300,CHC@STL 06/25/2025 07:45PM ET,CHC,12.33
RP,Nate Pearson (39204316),Nate Pearson,39204316,P,6300,CHC@STL 06/25/2025 07:45PM ET,CHC,-1.2
1B,Freddie Freeman (39203811),Freddie Freeman,39203811,1B,6200,LAD@COL 06/25/2025 08:40PM ET,LAD,8.52
OF,Pete Crow-Armstrong (39203812),Pete Crow-Armstrong,39203812,OF,6100,CHC@STL 06/25/2025 07:45PM ET,CHC,10.78
SS,Trea Turner (39203813),Trea Turner,39203813,SS,6000,PHI@HOU 06/25/2025 08:10PM ET,PHI,9.34
SP,Erick Fedde (39203801),Erick Fedde,39203801,P,6000,CHC@STL 06/25/2025 07:45PM ET,STL,12.23
RP,Zack Thompson (39204317),Zack Thompson,39204317,P,6000,CHC@STL 06/25/2025 07:45PM ET,STL,0
RP,Gordon Graceffo (39204318),Gordon Graceffo,39204318,P,6000,CHC@STL 06/25/2025 07:45PM ET,STL,3.80
RP,Roddery Munoz (39204319),Roddery Munoz,39204319,P,6000,CHC@STL 06/25/2025 07:45PM ET,STL,1.83
RP,Andre Pallante (39204320),Andre Pallante,39204320,P,6000,CHC@STL 06/25/2025 07:45PM ET,STL,11.59
SP,Michael McGreevy (39204321),Michael McGreevy,39204321,P,6000,CHC@STL 06/25/2025 07:45PM ET,STL,12.55
SP,Miles Mikolas (39204322),Miles Mikolas,39204322,P,6000,CHC@STL 06/25/2025 07:45PM ET,STL,10.49
C,Will Smith (39203814),Will Smith,39203814,C,5900,LAD@COL 06/25/2025 08:40PM ET,LAD,8.78
RP,Jose Urena (39204327),Jose Urena,39204327,P,5800,SEA@MIN 06/25/2025 07:40PM ET,MIN,2.49
OF,Teoscar Hernandez (39203815),Teoscar Hernandez,39203815,OF,5800,LAD@COL 06/25/2025 08:40PM ET,LAD,8.83
SP,Landon Knack (39204323),Landon Knack,39204323,P,5800,LAD@COL 06/25/2025 08:40PM ET,LAD,9.96
SP,Bobby Miller (39204324),Bobby Miller,39204324,P,5800,LAD@COL 06/25/2025 08:40PM ET,LAD,1.42
RP,Michael Grove (39204325),Michael Grove,39204325,P,5800,LAD@COL 06/25/2025 08:40PM ET,LAD,0
RP,Noah Davis (39204326),Noah Davis,39204326,P,5800,LAD@COL 06/25/2025 08:40PM ET,LAD,2.28
RP,Matt Sauer (39204328),Matt Sauer,39204328,P,5800,LAD@COL 06/25/2025 08:40PM ET,LAD,5.67
SP,Justin Wrobleski (39204329),Justin Wrobleski,39204329,P,5800,LAD@COL 06/25/2025 08:40PM ET,LAD,13.4
RP,Kyle Hurt (39204330),Kyle Hurt,39204330,P,5800,LAD@COL 06/25/2025 08:40PM ET,LAD,0
RP,Ben Casparius (39204331),Ben Casparius,39204331,P,5800,LAD@COL 06/25/2025 08:40PM ET,LAD,7.15
SS,Mookie Betts (39203816),Mookie Betts,39203816,SS,5700,LAD@COL 06/25/2025 08:40PM ET,LAD,8.04
SP,Didier Fuentes (39203802),Didier Fuentes,39203802,P,5700,ATL@NYM 06/25/2025 07:10PM ET,ATL,5.05
RP,Enyel De Los Santos (39204332),Enyel De Los Santos,39204332,P,5700,ATL@NYM 06/25/2025 07:10PM ET,ATL,2.84
SP,Dylan Dodd (39204333),Dylan Dodd,39204333,P,5700,ATL@NYM 06/25/2025 07:10PM ET,ATL,3.26
RP,Davis Daniel (39204334),Davis Daniel,39204334,P,5700,ATL@NYM 06/25/2025 07:10PM ET,ATL,3.65
RP,Reynaldo Lopez (39204335),Reynaldo Lopez,39204335,P,5700,ATL@NYM 06/25/2025 07:10PM ET,ATL,0.65
SP,Hurston Waldrep (39204336),Hurston Waldrep,39204336,P,5700,ATL@NYM 06/25/2025 07:10PM ET,ATL,0
OF,Byron Buxton (39203817),Byron Buxton,39203817,OF,5700,SEA@MIN 06/25/2025 07:40PM ET,MIN,10.53
1B,Matt Olson (39203819),Matt Olson,39203819,1B,5600,ATL@NYM 06/25/2025 07:10PM ET,ATL,8.5
OF,Kyle Schwarber (39203818),Kyle Schwarber,39203818,OF,5600,PHI@HOU 06/25/2025 08:10PM ET,PHI,9.87
OF,Juan Soto (39203821),Juan Soto,39203821,OF,5500,ATL@NYM 06/25/2025 07:10PM ET,NYM,9.33
SS,Bobby Witt Jr. (39203820),Bobby Witt Jr.,39203820,SS,5500,TB@KC 06/25/2025 07:40PM ET,KC,9.28
SS,Francisco Lindor (39203823),Francisco Lindor,39203823,SS,5400,ATL@NYM 06/25/2025 07:10PM ET,NYM,9.08
OF,Julio Rodriguez (39203822),Julio Rodriguez,39203822,OF,5400,SEA@MIN 06/25/2025 07:40PM ET,SEA,8.42
SP,Taijuan Walker (39204337),Taijuan Walker,39204337,P,5300,PHI@HOU 06/25/2025 08:10PM ET,PHI,7.16
SP,Joe Ross (39204338),Joe Ross,39204338,P,5300,PHI@HOU 06/25/2025 08:10PM ET,PHI,2.62
3B,Rafael Devers (39203825),Rafael Devers,39203825,3B,5300,MIA@SF 06/25/2025 09:45PM ET,SF,9.26
OF,Seiya Suzuki (39203824),Seiya Suzuki,39203824,OF,5300,CHC@STL 06/25/2025 07:45PM ET,CHC,9.49
3B,Jazz Chisholm Jr. (39203827),Jazz Chisholm Jr.,39203827,3B,5200,NYY@CIN 06/25/2025 07:10PM ET,NYY,8.65
1B,Pete Alonso (39203826),Pete Alonso,39203826,1B,5200,ATL@NYM 06/25/2025 07:10PM ET,NYM,9.29
1B,Bryce Harper (39204042),Bryce Harper,39204042,1B,5200,PHI@HOU 06/25/2025 08:10PM ET,PHI,8.81
OF,Andy Pages (39203828),Andy Pages,39203828,OF,5100,LAD@COL 06/25/2025 08:40PM ET,LAD,8.51
1B,Michael Busch (39203829),Michael Busch,39203829,1B,5100,CHC@STL 06/25/2025 07:45PM ET,CHC,7.59
SP,Chase Dollander (39203803),Chase Dollander,39203803,P,5000,LAD@COL 06/25/2025 08:40PM ET,COL,8.49
2B/OF,Hyeseong Kim (39203830),Hyeseong Kim,39203830,2B/OF,5000,LAD@COL 06/25/2025 08:40PM ET,LAD,6.18
3B,Max Muncy (39203832),Max Muncy,39203832,3B,5000,LAD@COL 06/25/2025 08:40PM ET,LAD,7.43
SP,Ryan Feltner (39204339),Ryan Feltner,39204339,P,5000,LAD@COL 06/25/2025 08:40PM ET,COL,9.88
SP,Tanner Gordon (39204340),Tanner Gordon,39204340,P,5000,LAD@COL 06/25/2025 08:40PM ET,COL,10.82
SP,German Marquez (39204341),German Marquez,39204341,P,5000,LAD@COL 06/25/2025 08:40PM ET,COL,7.47
SP,Kyle Freeland (39204342),Kyle Freeland,39204342,P,5000,LAD@COL 06/25/2025 08:40PM ET,COL,9.38
RP,Austin Gomber (39204343),Austin Gomber,39204343,P,5000,LAD@COL 06/25/2025 08:40PM ET,COL,1.08
RP,Carson Palmquist (39204344),Carson Palmquist,39204344,P,5000,LAD@COL 06/25/2025 08:40PM ET,COL,3.91
SP,Bradley Blalock (39204345),Bradley Blalock,39204345,P,5000,LAD@COL 06/25/2025 08:40PM ET,COL,-2.76
SP,Antonio Senzatela (39204346),Antonio Senzatela,39204346,P,5000,LAD@COL 06/25/2025 08:40PM ET,COL,4.13
OF,Yordan Alvarez (39204043),Yordan Alvarez,39204043,OF,5000,PHI@HOU 06/25/2025 08:10PM ET,HOU,6.17
SS,Jeremy Pena (39203833),Jeremy Pena,39203833,SS,4900,PHI@HOU 06/25/2025 08:10PM ET,HOU,9.15
3B,Junior Caminero (39203834),Junior Caminero,39203834,3B,4900,TB@KC 06/25/2025 07:40PM ET,TB,8.84
OF,Cody Bellinger (39203836),Cody Bellinger,39203836,OF,4800,NYY@CIN 06/25/2025 07:10PM ET,NYY,7.88
C,Hunter Goodman (39203835),Hunter Goodman,39203835,C,4800,LAD@COL 06/25/2025 08:40PM ET,COL,8.19
2B/OF,Tommy Edman (39203837),Tommy Edman,39203837,2B/OF,4700,LAD@COL 06/25/2025 08:40PM ET,LAD,7.34
OF,Jung Hoo Lee (39203839),Jung Hoo Lee,39203839,OF,4700,MIA@SF 06/25/2025 09:45PM ET,SF,7.42
C,Ivan Herrera (39204044),Ivan Herrera,39204044,C,4700,CHC@STL 06/25/2025 07:45PM ET,STL,8.93
OF,TJ Friedl (39203842),TJ Friedl,39203842,OF,4600,NYY@CIN 06/25/2025 07:10PM ET,CIN,8.29
2B/OF,Jose Altuve (39203840),Jose Altuve,39203840,2B/OF,4600,PHI@HOU 06/25/2025 08:10PM ET,HOU,7.33
1B,Paul Goldschmidt (39203844),Paul Goldschmidt,39203844,1B,4500,NYY@CIN 06/25/2025 07:10PM ET,NYY,7.36
OF,Jordan Beck (39203845),Jordan Beck,39203845,OF,4500,LAD@COL 06/25/2025 08:40PM ET,COL,7.97
3B,Austin Riley (39203843),Austin Riley,39203843,3B,4500,ATL@NYM 06/25/2025 07:10PM ET,ATL,7.88
1B,Ben Rice (39203849),Ben Rice,39203849,1B,4400,NYY@CIN 06/25/2025 07:10PM ET,NYY,7.43
OF,Heliot Ramos (39203846),Heliot Ramos,39203846,OF,4400,MIA@SF 06/25/2025 09:45PM ET,SF,8.58
3B,Maikel Garcia (39203847),Maikel Garcia,39203847,3B,4400,TB@KC 06/25/2025 07:40PM ET,KC,8.54
2B,Brandon Lowe (39203848),Brandon Lowe,39203848,2B,4400,TB@KC 06/25/2025 07:40PM ET,TB,7.88
C,Austin Wells (39203855),Austin Wells,39203855,C,4300,NYY@CIN 06/25/2025 07:10PM ET,NYY,6.70
OF,Tyler Freeman (39203853),Tyler Freeman,39203853,OF,4300,LAD@COL 06/25/2025 08:40PM ET,COL,6.85
3B,Isaac Paredes (39203850),Isaac Paredes,39203850,3B,4300,PHI@HOU 06/25/2025 08:10PM ET,HOU,8.15
OF,Kyle Stowers (39203851),Kyle Stowers,39203851,OF,4300,MIA@SF 06/25/2025 09:45PM ET,MIA,7.10
OF,Ian Happ (39203854),Ian Happ,39203854,OF,4300,CHC@STL 06/25/2025 07:45PM ET,CHC,8.47
1B,Jonathan Aranda (39203852),Jonathan Aranda,39203852,1B,4300,TB@KC 06/25/2025 07:40PM ET,TB,7.68
OF,Marcell Ozuna (39203857),Marcell Ozuna,39203857,OF,4200,ATL@NYM 06/25/2025 07:10PM ET,ATL,7.55
OF,Brandon Nimmo (39203861),Brandon Nimmo,39203861,OF,4200,ATL@NYM 06/25/2025 07:10PM ET,NYM,7.71
2B,Xavier Edwards (39203856),Xavier Edwards,39203856,2B,4200,MIA@SF 06/25/2025 09:45PM ET,MIA,7.29
1B,Willson Contreras (39203858),Willson Contreras,39203858,1B,4200,CHC@STL 06/25/2025 07:45PM ET,STL,7.77
SS,Dansby Swanson (39203860),Dansby Swanson,39203860,SS,4200,CHC@STL 06/25/2025 07:45PM ET,CHC,7.47
OF,Josh Lowe (39203859),Josh Lowe,39203859,OF,4200,TB@KC 06/25/2025 07:40PM ET,TB,7.37
OF,Trent Grisham (39203862),Trent Grisham,39203862,OF,4100,NYY@CIN 06/25/2025 07:10PM ET,NYY,7.25
OF,Mickey Moniak (39203864),Mickey Moniak,39203864,OF,4100,LAD@COL 06/25/2025 08:40PM ET,COL,6.15
OF,Mike Yastrzemski (39203863),Mike Yastrzemski,39203863,OF,4100,MIA@SF 06/25/2025 09:45PM ET,SF,6.47
3B,Nolan Arenado (39203868),Nolan Arenado,39203868,3B,4100,CHC@STL 06/25/2025 07:45PM ET,STL,6.93
OF/SS,Jose Caballero (39203865),Jose Caballero,39203865,SS/OF,4100,TB@KC 06/25/2025 07:40PM ET,TB,7.17
1B,Vinnie Pasquantino (39203867),Vinnie Pasquantino,39203867,1B,4100,TB@KC 06/25/2025 07:40PM ET,KC,6.94
SS,Anthony Volpe (39203874),Anthony Volpe,39203874,SS,4000,NYY@CIN 06/25/2025 07:10PM ET,NYY,7.27
RP,Brandon Leibrandt (39204359),Brandon Leibrandt,39204359,P,4000,NYY@CIN 06/25/2025 07:10PM ET,NYY,0
RP,Jayvien Sandridge (39204367),Jayvien Sandridge,39204367,P,4000,NYY@CIN 06/25/2025 07:10PM ET,NYY,0
RP,Brian Van Belle (39204371),Brian Van Belle,39204371,P,4000,NYY@CIN 06/25/2025 07:10PM ET,CIN,0
RP,Jonathan Loaisiga (39204413),Jonathan Loaisiga,39204413,P,4000,NYY@CIN 06/25/2025 07:10PM ET,NYY,2.39
RP,Clayton Beeter (39204419),Clayton Beeter,39204419,P,4000,NYY@CIN 06/25/2025 07:10PM ET,NYY,0
RP,Ian Hamilton (39204432),Ian Hamilton,39204432,P,4000,NYY@CIN 06/25/2025 07:10PM ET,NYY,3.62
RP,Scott Barlow (39204441),Scott Barlow,39204441,P,4000,NYY@CIN 06/25/2025 07:10PM ET,CIN,2.85
RP,Yerry de los Santos (39204449),Yerry de los Santos,39204449,P,4000,NYY@CIN 06/25/2025 07:10PM ET,NYY,3.04
RP,Brent Headrick (39204454),Brent Headrick,39204454,P,4000,NYY@CIN 06/25/2025 07:10PM ET,NYY,3.49
RP,Tim Hill (39204458),Tim Hill,39204458,P,4000,NYY@CIN 06/25/2025 07:10PM ET,NYY,2.26
SP,Tony Santillan (39204460),Tony Santillan,39204460,P,4000,NYY@CIN 06/25/2025 07:10PM ET,CIN,2.50
RP,Fernando Cruz (39204463),Fernando Cruz,39204463,P,4000,NYY@CIN 06/25/2025 07:10PM ET,NYY,4.49
RP,Brent Suter (39204470),Brent Suter,39204470,P,4000,NYY@CIN 06/25/2025 07:10PM ET,CIN,3.61
RP,Yosver Zulueta (39204472),Yosver Zulueta,39204472,P,4000,NYY@CIN 06/25/2025 07:10PM ET,CIN,2.32
RP,Jake Cousins (39204478),Jake Cousins,39204478,P,4000,NYY@CIN 06/25/2025 07:10PM ET,NYY,0
RP,Taylor Rogers (39204482),Taylor Rogers,39204482,P,4000,NYY@CIN 06/25/2025 07:10PM ET,CIN,2.39
RP,Scott Effross (39204492),Scott Effross,39204492,P,4000,NYY@CIN 06/25/2025 07:10PM ET,NYY,3.65
RP,Luke Weaver (39204495),Luke Weaver,39204495,P,4000,NYY@CIN 06/25/2025 07:10PM ET,NYY,3.70
RP,Mark Leiter Jr. (39204505),Mark Leiter Jr.,39204505,P,4000,NYY@CIN 06/25/2025 07:10PM ET,NYY,3.20
RP,Devin Williams (39204507),Devin Williams,39204507,P,4000,NYY@CIN 06/25/2025 07:10PM ET,NYY,2.71
RP,Joe La Sorsa (39204509),Joe La Sorsa,39204509,P,4000,NYY@CIN 06/25/2025 07:10PM ET,CIN,-3.85
RP,Emilio Pagan (39204516),Emilio Pagan,39204516,P,4000,NYY@CIN 06/25/2025 07:10PM ET,CIN,3.54
RP,Luis Mey (39204522),Luis Mey,39204522,P,4000,NYY@CIN 06/25/2025 07:10PM ET,CIN,2.72
RP,Ian Gibaut (39204526),Ian Gibaut,39204526,P,4000,NYY@CIN 06/25/2025 07:10PM ET,CIN,1.85
RP,Sam Moll (39204530),Sam Moll,39204530,P,4000,NYY@CIN 06/25/2025 07:10PM ET,CIN,-1.7
3B,Ryan McMahon (39203870),Ryan McMahon,39203870,3B,4000,LAD@COL 06/25/2025 08:40PM ET,COL,6.54
RP,Jack Little (39204358),Jack Little,39204358,P,4000,LAD@COL 06/25/2025 08:40PM ET,LAD,-1.1
SP,Nick Frasso (39204362),Nick Frasso,39204362,P,4000,LAD@COL 06/25/2025 08:40PM ET,LAD,0
RP,Tommy Doyle (39204370),Tommy Doyle,39204370,P,4000,LAD@COL 06/25/2025 08:40PM ET,COL,0
RP,Luis Garcia (39204377),Luis Garcia,39204377,P,4000,LAD@COL 06/25/2025 08:40PM ET,LAD,2.31
RP,Alexis Diaz (39204379),Alexis Diaz,39204379,P,4000,LAD@COL 06/25/2025 08:40PM ET,LAD,-0.92
RP,Brusdar Graterol (39204380),Brusdar Graterol,39204380,P,4000,LAD@COL 06/25/2025 08:40PM ET,LAD,0
RP,Anthony Banda (39204382),Anthony Banda,39204382,P,4000,LAD@COL 06/25/2025 08:40PM ET,LAD,2.48
RP,Will Klein (39204384),Will Klein,39204384,P,4000,LAD@COL 06/25/2025 08:40PM ET,LAD,6.55
RP,Michael Kopech (39204386),Michael Kopech,39204386,P,4000,LAD@COL 06/25/2025 08:40PM ET,LAD,3.18
RP,Anthony Molina (39204390),Anthony Molina,39204390,P,4000,LAD@COL 06/25/2025 08:40PM ET,COL,1.1
RP,Blake Treinen (39204397),Blake Treinen,39204397,P,4000,LAD@COL 06/25/2025 08:40PM ET,LAD,3.1
RP,Zach Penrod (39204398),Zach Penrod,39204398,P,4000,LAD@COL 06/25/2025 08:40PM ET,LAD,0
RP,Lou Trivino (39204400),Lou Trivino,39204400,P,4000,LAD@COL 06/25/2025 08:40PM ET,LAD,2.59
RP,Evan Phillips (39204406),Evan Phillips,39204406,P,4000,LAD@COL 06/25/2025 08:40PM ET,LAD,3.02
RP,Edgardo Henriquez (39204411),Edgardo Henriquez,39204411,P,4000,LAD@COL 06/25/2025 08:40PM ET,LAD,0
RP,Zach Agnos (39204414),Zach Agnos,39204414,P,4000,LAD@COL 06/25/2025 08:40PM ET,COL,1.46
RP,Juan Mejia (39204439),Juan Mejia,39204439,P,4000,LAD@COL 06/25/2025 08:40PM ET,COL,3.40
RP,Ryan Rolison (39204464),Ryan Rolison,39204464,P,4000,LAD@COL 06/25/2025 08:40PM ET,COL,0.82
RP,Luis Peralta (39204466),Luis Peralta,39204466,P,4000,LAD@COL 06/25/2025 08:40PM ET,COL,0.82
RP,Jaden Hill (39204479),Jaden Hill,39204479,P,4000,LAD@COL 06/25/2025 08:40PM ET,COL,3.67
RP,Victor Vodnik (39204489),Victor Vodnik,39204489,P,4000,LAD@COL 06/25/2025 08:40PM ET,COL,2.96
RP,Tyler Kinley (39204502),Tyler Kinley,39204502,P,4000,LAD@COL 06/25/2025 08:40PM ET,COL,1.58
RP,Jimmy Herget (39204506),Jimmy Herget,39204506,P,4000,LAD@COL 06/25/2025 08:40PM ET,COL,3.15
RP,Jake Bird (39204508),Jake Bird,39204508,P,4000,LAD@COL 06/25/2025 08:40PM ET,COL,5.03
RP,Kirby Yates (39204513),Kirby Yates,39204513,P,4000,LAD@COL 06/25/2025 08:40PM ET,LAD,3.42
RP,Jack Dreyer (39204520),Jack Dreyer,39204520,P,4000,LAD@COL 06/25/2025 08:40PM ET,LAD,3.85
RP,Alex Vesia (39204523),Alex Vesia,39204523,P,4000,LAD@COL 06/25/2025 08:40PM ET,LAD,3.35
RP,Jeff Criswell (39204525),Jeff Criswell,39204525,P,4000,LAD@COL 06/25/2025 08:40PM ET,COL,0
RP,Seth Halvorsen (39204533),Seth Halvorsen,39204533,P,4000,LAD@COL 06/25/2025 08:40PM ET,COL,2.38
RP,Angel Chivilli (39204534),Angel Chivilli,39204534,P,4000,LAD@COL 06/25/2025 08:40PM ET,COL,2.26
RP,J.P. Feyereisen (39204539),J.P. Feyereisen,39204539,P,4000,LAD@COL 06/25/2025 08:40PM ET,LAD,-0.05
RP,Tanner Scott (39204543),Tanner Scott,39204543,P,4000,LAD@COL 06/25/2025 08:40PM ET,LAD,3.04
C,Drake Baldwin (39203871),Drake Baldwin,39203871,C,4000,ATL@NYM 06/25/2025 07:10PM ET,ATL,5.98
RP,Nathan Wiles (39204348),Nathan Wiles,39204348,P,4000,ATL@NYM 06/25/2025 07:10PM ET,ATL,-4.15
RP,Rolddy Munoz (39204351),Rolddy Munoz,39204351,P,4000,ATL@NYM 06/25/2025 07:10PM ET,ATL,0
RP,Domingo Gonzalez (39204361),Domingo Gonzalez,39204361,P,4000,ATL@NYM 06/25/2025 07:10PM ET,ATL,0
RP,Tyler Zuber (39204369),Tyler Zuber,39204369,P,4000,ATL@NYM 06/25/2025 07:10PM ET,NYM,4.7
RP,Kevin Herget (39204381),Kevin Herget,39204381,P,4000,ATL@NYM 06/25/2025 07:10PM ET,ATL,2.7
RP,Ryne Stanek (39204383),Ryne Stanek,39204383,P,4000,ATL@NYM 06/25/2025 07:10PM ET,NYM,2.23
RP,Dylan Lee (39204385),Dylan Lee,39204385,P,4000,ATL@NYM 06/25/2025 07:10PM ET,ATL,3.52
RP,Chris Devenski (39204387),Chris Devenski,39204387,P,4000,ATL@NYM 06/25/2025 07:10PM ET,NYM,3.71
RP,Drew Smith (39204394),Drew Smith,39204394,P,4000,ATL@NYM 06/25/2025 07:10PM ET,NYM,0
RP,Huascar Brazoban (39204395),Huascar Brazoban,39204395,P,4000,ATL@NYM 06/25/2025 07:10PM ET,NYM,3.85
RP,Dedniel Nunez (39204402),Dedniel Nunez,39204402,P,4000,ATL@NYM 06/25/2025 07:10PM ET,NYM,1.44
RP,Rafael Montero (39204404),Rafael Montero,39204404,P,4000,ATL@NYM 06/25/2025 07:10PM ET,ATL,2.90
RP,Danny Young (39204420),Danny Young,39204420,P,4000,ATL@NYM 06/25/2025 07:10PM ET,NYM,2.90
RP,Reed Garrett (39204423),Reed Garrett,39204423,P,4000,ATL@NYM 06/25/2025 07:10PM ET,NYM,3.45
RP,Michael Petersen (39204425),Michael Petersen,39204425,P,4000,ATL@NYM 06/25/2025 07:10PM ET,ATL,2.48
RP,Brooks Raley (39204429),Brooks Raley,39204429,P,4000,ATL@NYM 06/25/2025 07:10PM ET,NYM,0
RP,Aaron Bummer (39204433),Aaron Bummer,39204433,P,4000,ATL@NYM 06/25/2025 07:10PM ET,ATL,3.06
RP,A.J. Minter (39204461),A.J. Minter,39204461,P,4000,ATL@NYM 06/25/2025 07:10PM ET,NYM,3.24
RP,Justin Garza (39204468),Justin Garza,39204468,P,4000,ATL@NYM 06/25/2025 07:10PM ET,NYM,1.52
RP,Jose Castillo (39204469),Jose Castillo,39204469,P,4000,ATL@NYM 06/25/2025 07:10PM ET,NYM,1.58
RP,Richard Lovelady (39204474),Richard Lovelady,39204474,P,4000,ATL@NYM 06/25/2025 07:10PM ET,NYM,-0.83
RP,Joe Jimenez (39204498),Joe Jimenez,39204498,P,4000,ATL@NYM 06/25/2025 07:10PM ET,ATL,0
RP,Pierce Johnson (39204500),Pierce Johnson,39204500,P,4000,ATL@NYM 06/25/2025 07:10PM ET,ATL,3.02
RP,Amos Willingham (39204511),Amos Willingham,39204511,P,4000,ATL@NYM 06/25/2025 07:10PM ET,ATL,0
RP,Raisel Iglesias (39204515),Raisel Iglesias,39204515,P,4000,ATL@NYM 06/25/2025 07:10PM ET,ATL,2.58
RP,Daysbel Hernandez (39204517),Daysbel Hernandez,39204517,P,4000,ATL@NYM 06/25/2025 07:10PM ET,ATL,3.01
RP,Austin Cox (39204524),Austin Cox,39204524,P,4000,ATL@NYM 06/25/2025 07:10PM ET,ATL,5.65
RP,Ty Adcock (39204536),Ty Adcock,39204536,P,4000,ATL@NYM 06/25/2025 07:10PM ET,NYM,4.12
RP,Edwin Diaz (39204537),Edwin Diaz,39204537,P,4000,ATL@NYM 06/25/2025 07:10PM ET,NYM,4.57
2B,Bryson Stott (39203876),Bryson Stott,39203876,2B,4000,PHI@HOU 06/25/2025 08:10PM ET,PHI,6.99
RP,Ryan Cusick (39204354),Ryan Cusick,39204354,P,4000,PHI@HOU 06/25/2025 08:10PM ET,PHI,0
SP,Jean Cabrera (39204355),Jean Cabrera,39204355,P,4000,PHI@HOU 06/25/2025 08:10PM ET,PHI,0
RP,Devin Sweet (39204360),Devin Sweet,39204360,P,4000,PHI@HOU 06/25/2025 08:10PM ET,PHI,0
RP,Nolan Hoffman (39204363),Nolan Hoffman,39204363,P,4000,PHI@HOU 06/25/2025 08:10PM ET,PHI,0
RP,Moises Chace (39204372),Moises Chace,39204372,P,4000,PHI@HOU 06/25/2025 08:10PM ET,PHI,0
RP,Jordan Romano (39204388),Jordan Romano,39204388,P,4000,PHI@HOU 06/25/2025 08:10PM ET,PHI,2.14
RP,Tanner Banks (39204391),Tanner Banks,39204391,P,4000,PHI@HOU 06/25/2025 08:10PM ET,PHI,3.09
RP,Josh Walker (39204399),Josh Walker,39204399,P,4000,PHI@HOU 06/25/2025 08:10PM ET,PHI,4.22
RP,Alan Rangel (39204403),Alan Rangel,39204403,P,4000,PHI@HOU 06/25/2025 08:10PM ET,PHI,1.75
RP,Orion Kerkering (39204407),Orion Kerkering,39204407,P,4000,PHI@HOU 06/25/2025 08:10PM ET,PHI,3.01
RP,Matt Strahm (39204410),Matt Strahm,39204410,P,4000,PHI@HOU 06/25/2025 08:10PM ET,PHI,2.87
RP,Daniel Robert (39204412),Daniel Robert,39204412,P,4000,PHI@HOU 06/25/2025 08:10PM ET,PHI,0.55
RP,Michael Mercado (39204415),Michael Mercado,39204415,P,4000,PHI@HOU 06/25/2025 08:10PM ET,PHI,-0.62
RP,Luis Contreras (39204418),Luis Contreras,39204418,P,4000,PHI@HOU 06/25/2025 08:10PM ET,HOU,1.72
RP,Brett de Geus (39204421),Brett de Geus,39204421,P,4000,PHI@HOU 06/25/2025 08:10PM ET,PHI,0.1
RP,Josh Hader (39204422),Josh Hader,39204422,P,4000,PHI@HOU 06/25/2025 08:10PM ET,HOU,5.42
RP,Bryan Abreu (39204437),Bryan Abreu,39204437,P,4000,PHI@HOU 06/25/2025 08:10PM ET,HOU,4.03
RP,Bryan King (39204445),Bryan King,39204445,P,4000,PHI@HOU 06/25/2025 08:10PM ET,HOU,3.33
RP,Kaleb Ort (39204452),Kaleb Ort,39204452,P,4000,PHI@HOU 06/25/2025 08:10PM ET,HOU,2.36
RP,Logan VanWey (39204456),Logan VanWey,39204456,P,4000,PHI@HOU 06/25/2025 08:10PM ET,HOU,0.87
RP,Jose Alvarado (39204462),Jose Alvarado,39204462,P,4000,PHI@HOU 06/25/2025 08:10PM ET,PHI,4.23
RP,Max Lazar (39204467),Max Lazar,39204467,P,4000,PHI@HOU 06/25/2025 08:10PM ET,PHI,3.26
RP,Nick Robertson (39204477),Nick Robertson,39204477,P,4000,PHI@HOU 06/25/2025 08:10PM ET,HOU,0
RP,Steven Okert (39204483),Steven Okert,39204483,P,4000,PHI@HOU 06/25/2025 08:10PM ET,HOU,4.5
RP,Nick Hernandez (39204514),Nick Hernandez,39204514,P,4000,PHI@HOU 06/25/2025 08:10PM ET,HOU,0.45
RP,Bennett Sousa (39204519),Bennett Sousa,39204519,P,4000,PHI@HOU 06/25/2025 08:10PM ET,HOU,5.02
OF,Jesus Sanchez (39203872),Jesus Sanchez,39203872,OF,4000,MIA@SF 06/25/2025 09:45PM ET,MIA,7.33
RP,Josh Simpson (39204366),Josh Simpson,39204366,P,4000,MIA@SF 06/25/2025 09:45PM ET,MIA,-4.5
RP,Camilo Doval (39204378),Camilo Doval,39204378,P,4000,MIA@SF 06/25/2025 09:45PM ET,SF,3.26
RP,George Soriano (39204389),George Soriano,39204389,P,4000,MIA@SF 06/25/2025 09:45PM ET,MIA,2.75
RP,Andrew Nardi (39204408),Andrew Nardi,39204408,P,4000,MIA@SF 06/25/2025 09:45PM ET,MIA,0
RP,Erik Miller (39204409),Erik Miller,39204409,P,4000,MIA@SF 06/25/2025 09:45PM ET,SF,2.50
RP,Jesus Tinoco (39204430),Jesus Tinoco,39204430,P,4000,MIA@SF 06/25/2025 09:45PM ET,MIA,1.72
RP,Ronny Henriquez (39204431),Ronny Henriquez,39204431,P,4000,MIA@SF 06/25/2025 09:45PM ET,MIA,4.12
RP,Ryan Walker (39204435),Ryan Walker,39204435,P,4000,MIA@SF 06/25/2025 09:45PM ET,SF,2.42
RP,Lake Bachar (39204476),Lake Bachar,39204476,P,4000,MIA@SF 06/25/2025 09:45PM ET,MIA,4.24
RP,Tyler Rogers (39204486),Tyler Rogers,39204486,P,4000,MIA@SF 06/25/2025 09:45PM ET,SF,3.44
RP,Anthony Bender (39204504),Anthony Bender,39204504,P,4000,MIA@SF 06/25/2025 09:45PM ET,MIA,2.61
RP,Sean Hjelle (39204512),Sean Hjelle,39204512,P,4000,MIA@SF 06/25/2025 09:45PM ET,SF,3.29
RP,Randy Rodriguez (39204521),Randy Rodriguez,39204521,P,4000,MIA@SF 06/25/2025 09:45PM ET,SF,5.00
RP,Declan Cronin (39204528),Declan Cronin,39204528,P,4000,MIA@SF 06/25/2025 09:45PM ET,MIA,0
RP,Trevor McDonald (39204535),Trevor McDonald,39204535,P,4000,MIA@SF 06/25/2025 09:45PM ET,SF,0
RP,Cade Gibson (39204542),Cade Gibson,39204542,P,4000,MIA@SF 06/25/2025 09:45PM ET,MIA,3.87
SP,Sem Robberse (39204349),Sem Robberse,39204349,P,4000,CHC@STL 06/25/2025 07:45PM ET,STL,0
SP,Tink Hence (39204356),Tink Hence,39204356,P,4000,CHC@STL 06/25/2025 07:45PM ET,STL,0
RP,Michael Fulmer (39204357),Michael Fulmer,39204357,P,4000,CHC@STL 06/25/2025 07:45PM ET,CHC,1.85
SP,Tekoah Roby (39204374),Tekoah Roby,39204374,P,4000,CHC@STL 06/25/2025 07:45PM ET,STL,0
RP,Daniel Palencia (39204375),Daniel Palencia,39204375,P,4000,CHC@STL 06/25/2025 07:45PM ET,CHC,3.62
RP,Porter Hodge (39204392),Porter Hodge,39204392,P,4000,CHC@STL 06/25/2025 07:45PM ET,CHC,2.39
RP,Jack Neely (39204417),Jack Neely,39204417,P,4000,CHC@STL 06/25/2025 07:45PM ET,CHC,0
RP,Ryan Brasier (39204426),Ryan Brasier,39204426,P,4000,CHC@STL 06/25/2025 07:45PM ET,CHC,2.79
SP,Riley O'Brien (39204428),Riley O'Brien,39204428,P,4000,CHC@STL 06/25/2025 07:45PM ET,STL,2.9
RP,Tom Cosgrove (39204436),Tom Cosgrove,39204436,P,4000,CHC@STL 06/25/2025 07:45PM ET,CHC,5.3
RP,John King (39204440),John King,39204440,P,4000,CHC@STL 06/25/2025 07:45PM ET,STL,1.34
RP,Phil Maton (39204444),Phil Maton,39204444,P,4000,CHC@STL 06/25/2025 07:45PM ET,STL,3.76
RP,Matt Svanson (39204450),Matt Svanson,39204450,P,4000,CHC@STL 06/25/2025 07:45PM ET,STL,3.26
RP,Gavin Hollowell (39204451),Gavin Hollowell,39204451,P,4000,CHC@STL 06/25/2025 07:45PM ET,CHC,3.49
RP,Ryan Helsley (39204453),Ryan Helsley,39204453,P,4000,CHC@STL 06/25/2025 07:45PM ET,STL,3.35
RP,Ryan Pressly (39204459),Ryan Pressly,39204459,P,4000,CHC@STL 06/25/2025 07:45PM ET,CHC,1.86
RP,Caleb Thielbar (39204487),Caleb Thielbar,39204487,P,4000,CHC@STL 06/25/2025 07:45PM ET,CHC,2.92
RP,Chris Roycroft (39204494),Chris Roycroft,39204494,P,4000,CHC@STL 06/25/2025 07:45PM ET,STL,1.25
RP,Brad Keller (39204496),Brad Keller,39204496,P,4000,CHC@STL 06/25/2025 07:45PM ET,CHC,3.79
RP,Drew Pomeranz (39204501),Drew Pomeranz,39204501,P,4000,CHC@STL 06/25/2025 07:45PM ET,CHC,3.47
RP,Andre Granillo (39204503),Andre Granillo,39204503,P,4000,CHC@STL 06/25/2025 07:45PM ET,STL,3.72
RP,Kyle Leahy (39204527),Kyle Leahy,39204527,P,4000,CHC@STL 06/25/2025 07:45PM ET,STL,3.44
RP,Luke Little (39204531),Luke Little,39204531,P,4000,CHC@STL 06/25/2025 07:45PM ET,CHC,-2.9
RP,Ethan Roberts (39204532),Ethan Roberts,39204532,P,4000,CHC@STL 06/25/2025 07:45PM ET,CHC,2.02
RP,JoJo Romero (39204538),JoJo Romero,39204538,P,4000,CHC@STL 06/25/2025 07:45PM ET,STL,2.08
RP,Ryan Fernandez (39204541),Ryan Fernandez,39204541,P,4000,CHC@STL 06/25/2025 07:45PM ET,STL,-0.04
OF,Randy Arozarena (39203873),Randy Arozarena,39203873,OF,4000,SEA@MIN 06/25/2025 07:40PM ET,SEA,7.96
2B,Leo Rivas (39204045),Leo Rivas,39204045,2B,4000,SEA@MIN 06/25/2025 07:40PM ET,SEA,4.5
RP,Travis Adams (39204368),Travis Adams,39204368,P,4000,SEA@MIN 06/25/2025 07:40PM ET,MIN,0
SP,Marco Raya (39204373),Marco Raya,39204373,P,4000,SEA@MIN 06/25/2025 07:40PM ET,MIN,0
RP,Tayler Saucedo (39204376),Tayler Saucedo,39204376,P,4000,SEA@MIN 06/25/2025 07:40PM ET,SEA,-0.09
RP,Casey Legumina (39204424),Casey Legumina,39204424,P,4000,SEA@MIN 06/25/2025 07:40PM ET,SEA,3.24
RP,Trent Thornton (39204427),Trent Thornton,39204427,P,4000,SEA@MIN 06/25/2025 07:40PM ET,SEA,1.77
RP,Joey Wentz (39204438),Joey Wentz,39204438,P,4000,SEA@MIN 06/25/2025 07:40PM ET,MIN,2.35
RP,Carlos Vargas (39204446),Carlos Vargas,39204446,P,4000,SEA@MIN 06/25/2025 07:40PM ET,SEA,2.72
SP,Jhoan Duran (39204447),Jhoan Duran,39204447,P,4000,SEA@MIN 06/25/2025 07:40PM ET,MIN,3.67
RP,Eduard Bazardo (39204457),Eduard Bazardo,39204457,P,4000,SEA@MIN 06/25/2025 07:40PM ET,SEA,3.26
RP,Zach Pop (39204465),Zach Pop,39204465,P,4000,SEA@MIN 06/25/2025 07:40PM ET,SEA,2.92
RP,Collin Snider (39204473),Collin Snider,39204473,P,4000,SEA@MIN 06/25/2025 07:40PM ET,SEA,2.47
RP,Troy Taylor (39204480),Troy Taylor,39204480,P,4000,SEA@MIN 06/25/2025 07:40PM ET,SEA,-1.22
RP,Gabe Speier (39204481),Gabe Speier,39204481,P,4000,SEA@MIN 06/25/2025 07:40PM ET,SEA,3.43
RP,Gregory Santos (39204484),Gregory Santos,39204484,P,4000,SEA@MIN 06/25/2025 07:40PM ET,SEA,0.27
RP,Andres Munoz (39204488),Andres Munoz,39204488,P,4000,SEA@MIN 06/25/2025 07:40PM ET,SEA,4.52
RP,Justin Topa (39204491),Justin Topa,39204491,P,4000,SEA@MIN 06/25/2025 07:40PM ET,MIN,2.24
RP,Brock Stewart (39204497),Brock Stewart,39204497,P,4000,SEA@MIN 06/25/2025 07:40PM ET,MIN,3.38
RP,Danny Coulombe (39204529),Danny Coulombe,39204529,P,4000,SEA@MIN 06/25/2025 07:40PM ET,MIN,3.22
RP,Kody Funderburk (39204540),Kody Funderburk,39204540,P,4000,SEA@MIN 06/25/2025 07:40PM ET,MIN,1.62
OF,Jake Mangum (39203869),Jake Mangum,39203869,OF,4000,TB@KC 06/25/2025 07:40PM ET,TB,7.09
1B,Yandy Diaz (39203875),Yandy Diaz,39203875,1B,4000,TB@KC 06/25/2025 07:40PM ET,TB,8.25
RP,Eric Cerantola (39204347),Eric Cerantola,39204347,P,4000,TB@KC 06/25/2025 07:40PM ET,KC,0
SP,Yoniel Curet (39204350),Yoniel Curet,39204350,P,4000,TB@KC 06/25/2025 07:40PM ET,TB,0
RP,Nate Lavender (39204352),Nate Lavender,39204352,P,4000,TB@KC 06/25/2025 07:40PM ET,TB,0
SP,Joe Rock (39204353),Joe Rock,39204353,P,4000,TB@KC 06/25/2025 07:40PM ET,TB,0
SP,Luinder Avila (39204364),Luinder Avila,39204364,P,4000,TB@KC 06/25/2025 07:40PM ET,KC,0
RP,Paul Gervase (39204365),Paul Gervase,39204365,P,4000,TB@KC 06/25/2025 07:40PM ET,TB,5.3
SP,Connor Seabold (39204393),Connor Seabold,39204393,P,4000,TB@KC 06/25/2025 07:40PM ET,TB,5.67
RP,Pete Fairbanks (39204396),Pete Fairbanks,39204396,P,4000,TB@KC 06/25/2025 07:40PM ET,TB,3.19
RP,Eric Orze (39204401),Eric Orze,39204401,P,4000,TB@KC 06/25/2025 07:40PM ET,TB,3.86
RP,Mason Montgomery (39204405),Mason Montgomery,39204405,P,4000,TB@KC 06/25/2025 07:40PM ET,TB,2.39
RP,Kevin Kelly (39204416),Kevin Kelly,39204416,P,4000,TB@KC 06/25/2025 07:40PM ET,TB,2.38
RP,Cole Sulser (39204434),Cole Sulser,39204434,P,4000,TB@KC 06/25/2025 07:40PM ET,TB,3.39
RP,Hunter Harvey (39204442),Hunter Harvey,39204442,P,4000,TB@KC 06/25/2025 07:40PM ET,KC,4.23
RP,Taylor Clarke (39204443),Taylor Clarke,39204443,P,4000,TB@KC 06/25/2025 07:40PM ET,KC,2.69
RP,John Schreiber (39204448),John Schreiber,39204448,P,4000,TB@KC 06/25/2025 07:40PM ET,KC,2.57
RP,Andrew Hoffmann (39204455),Andrew Hoffmann,39204455,P,4000,TB@KC 06/25/2025 07:40PM ET,KC,6.7
RP,Steven Cruz (39204471),Steven Cruz,39204471,P,4000,TB@KC 06/25/2025 07:40PM ET,KC,3.48
RP,Manuel Rodriguez (39204475),Manuel Rodriguez,39204475,P,4000,TB@KC 06/25/2025 07:40PM ET,TB,2.85
RP,Lucas Erceg (39204485),Lucas Erceg,39204485,P,4000,TB@KC 06/25/2025 07:40PM ET,KC,2.87
RP,Garrett Cleavinger (39204490),Garrett Cleavinger,39204490,P,4000,TB@KC 06/25/2025 07:40PM ET,TB,3.45
RP,Carlos Estevez (39204493),Carlos Estevez,39204493,P,4000,TB@KC 06/25/2025 07:40PM ET,KC,3.04
RP,Hunter Bigge (39204499),Hunter Bigge,39204499,P,4000,TB@KC 06/25/2025 07:40PM ET,TB,3.04
RP,Edwin Uceta (39204510),Edwin Uceta,39204510,P,4000,TB@KC 06/25/2025 07:40PM ET,TB,2.79
RP,Evan Sisk (39204518),Evan Sisk,39204518,P,4000,TB@KC 06/25/2025 07:40PM ET,KC,5.2
OF,Austin Hays (39204046),Austin Hays,39204046,OF,3900,NYY@CIN 06/25/2025 07:10PM ET,CIN,9.71
OF,Brenton Doyle (39203879),Brenton Doyle,39203879,OF,3900,LAD@COL 06/25/2025 08:40PM ET,COL,5.92
2B,Ozzie Albies (39203880),Ozzie Albies,39203880,2B,3900,ATL@NYM 06/25/2025 07:10PM ET,ATL,6.30
3B,Alec Bohm (39203878),Alec Bohm,39203878,3B,3900,PHI@HOU 06/25/2025 08:10PM ET,PHI,6.78
SS,Willy Adames (39203877),Willy Adames,39203877,SS,3900,MIA@SF 06/25/2025 09:45PM ET,SF,6.62
1B,Wilmer Flores (39203882),Wilmer Flores,39203882,1B,3900,MIA@SF 06/25/2025 09:45PM ET,SF,6.93
C,Agustin Ramirez (39203884),Agustin Ramirez,39203884,C,3900,MIA@SF 06/25/2025 09:45PM ET,MIA,7.23
OF,Lars Nootbaar (39203881),Lars Nootbaar,39203881,OF,3900,CHC@STL 06/25/2025 07:45PM ET,STL,7.58
2B,Nico Hoerner (39203883),Nico Hoerner,39203883,2B,3900,CHC@STL 06/25/2025 07:45PM ET,CHC,7.55
OF,Victor Robles (39204047),Victor Robles,39204047,OF,3900,SEA@MIN 06/25/2025 07:40PM ET,SEA,7.1
C,Tyler Stephenson (39203887),Tyler Stephenson,39203887,C,3800,NYY@CIN 06/25/2025 07:10PM ET,CIN,7.22
OF,Michael Conforto (39203888),Michael Conforto,39203888,OF,3800,LAD@COL 06/25/2025 08:40PM ET,LAD,4.94
1B,Michael Toglia (39203894),Michael Toglia,39203894,1B,3800,LAD@COL 06/25/2025 08:40PM ET,COL,6.08
OF,Jake Meyers (39203892),Jake Meyers,39203892,OF,3800,PHI@HOU 06/25/2025 08:10PM ET,HOU,6.60
OF,Nick Castellanos (39203893),Nick Castellanos,39203893,OF,3800,PHI@HOU 06/25/2025 08:10PM ET,PHI,7.20
3B,Connor Norby (39203886),Connor Norby,39203886,3B,3800,MIA@SF 06/25/2025 09:45PM ET,MIA,6.23
3B,Matt Chapman (39204049),Matt Chapman,39204049,3B,3800,MIA@SF 06/25/2025 09:45PM ET,SF,8.08
2B,Brendan Donovan (39203889),Brendan Donovan,39203889,2B,3800,CHC@STL 06/25/2025 07:45PM ET,STL,7.76
SS,J.P. Crawford (39203885),J.P. Crawford,39203885,SS,3800,SEA@MIN 06/25/2025 07:40PM ET,SEA,7.32
2B/OF,Dylan Moore (39203890),Dylan Moore,39203890,2B/OF,3800,SEA@MIN 06/25/2025 07:40PM ET,SEA,5.37
OF,Chandler Simpson (39204048),Chandler Simpson,39204048,OF,3800,TB@KC 06/25/2025 07:40PM ET,TB,7.75
OF,Giancarlo Stanton (39203895),Giancarlo Stanton,39203895,OF,3700,NYY@CIN 06/25/2025 07:10PM ET,NYY,4.14
C,Braxton Fulford (39203896),Braxton Fulford,39203896,C,3700,LAD@COL 06/25/2025 08:40PM ET,COL,6.22
1B/3B,Kike Hernandez (39203897),Kike Hernandez,39203897,1B/3B,3700,LAD@COL 06/25/2025 08:40PM ET,LAD,3.97
OF,Esteury Ruiz (39204052),Esteury Ruiz,39204052,OF,3700,LAD@COL 06/25/2025 08:40PM ET,LAD,0
OF,Starling Marte (39203899),Starling Marte,39203899,OF,3700,ATL@NYM 06/25/2025 07:10PM ET,NYM,5.44
SS,Otto Lopez (39203901),Otto Lopez,39203901,SS,3700,MIA@SF 06/25/2025 09:45PM ET,MIA,6.81
OF,Alec Burleson (39203900),Alec Burleson,39203900,OF,3700,CHC@STL 06/25/2025 07:45PM ET,STL,6.58
C,Miguel Amaya (39204051),Miguel Amaya,39204051,C,3700,CHC@STL 06/25/2025 07:45PM ET,CHC,7.85
2B,Jorge Polanco (39203902),Jorge Polanco,39203902,2B,3700,SEA@MIN 06/25/2025 07:40PM ET,SEA,6.66
2B/OF,Willi Castro (39203903),Willi Castro,39203903,2B/OF,3700,SEA@MIN 06/25/2025 07:40PM ET,MIN,7.10
SS,Ha-Seong Kim (39204050),Ha-Seong Kim,39204050,SS,3700,TB@KC 06/25/2025 07:40PM ET,TB,0
2B,Matt McLain (39203908),Matt McLain,39203908,2B,3600,NYY@CIN 06/25/2025 07:10PM ET,CIN,6.83
OF,Will Benson (39203910),Will Benson,39203910,OF,3600,NYY@CIN 06/25/2025 07:10PM ET,CIN,5.90
2B,Thairo Estrada (39203907),Thairo Estrada,39203907,2B,3600,LAD@COL 06/25/2025 08:40PM ET,COL,6.88
OF,Jurickson Profar (39204053),Jurickson Profar,39204053,OF,3600,ATL@NYM 06/25/2025 07:10PM ET,ATL,3.75
OF,Max Kepler (39203905),Max Kepler,39203905,OF,3600,PHI@HOU 06/25/2025 08:10PM ET,PHI,5.89
1B,Christian Walker (39203909),Christian Walker,39203909,1B,3600,PHI@HOU 06/25/2025 08:10PM ET,HOU,6.22
C,Carson Kelly (39203911),Carson Kelly,39203911,C,3600,CHC@STL 06/25/2025 07:45PM ET,CHC,7.2
SS,Masyn Winn (39203912),Masyn Winn,39203912,SS,3600,CHC@STL 06/25/2025 07:45PM ET,STL,7.43
OF,Trevor Larnach (39203906),Trevor Larnach,39203906,OF,3600,SEA@MIN 06/25/2025 07:40PM ET,MIN,7.35
OF,Jasson Dominguez (39203923),Jasson Dominguez,39203923,OF,3500,NYY@CIN 06/25/2025 07:10PM ET,NYY,6.77
1B/2B,Kyle Farmer (39203913),Kyle Farmer,39203913,1B/2B,3500,LAD@COL 06/25/2025 08:40PM ET,COL,4.19
2B/3B,Brett Baty (39203919),Brett Baty,39203919,2B/3B,3500,ATL@NYM 06/25/2025 07:10PM ET,NYM,5.40
C,J.T. Realmuto (39203916),J.T. Realmuto,39203916,C,3500,PHI@HOU 06/25/2025 08:10PM ET,PHI,6.52
C,Yainer Diaz (39203918),Yainer Diaz,39203918,C,3500,PHI@HOU 06/25/2025 08:10PM ET,HOU,6.04
1B,Dominic Smith (39203921),Dominic Smith,39203921,1B,3500,MIA@SF 06/25/2025 09:45PM ET,SF,6.12
OF,Matt Wallner (39203917),Matt Wallner,39203917,OF,3500,SEA@MIN 06/25/2025 07:40PM ET,MIN,6.03
OF,Luke Raley (39203922),Luke Raley,39203922,OF,3500,SEA@MIN 06/25/2025 07:40PM ET,SEA,6.5
2B,Luke Keaschall (39204056),Luke Keaschall,39204056,2B,3500,SEA@MIN 06/25/2025 07:40PM ET,MIN,11.14
OF,Christopher Morel (39203915),Christopher Morel,39203915,OF,3500,TB@KC 06/25/2025 07:40PM ET,TB,5.35
2B/OF,Richie Palacios (39204054),Richie Palacios,39204054,2B/OF,3500,TB@KC 06/25/2025 07:40PM ET,TB,18
C,Dalton Rushing (39203927),Dalton Rushing,39203927,C,3400,LAD@COL 06/25/2025 08:40PM ET,LAD,5.62
SS,Ryan Ritter (39203930),Ryan Ritter,39203930,SS,3400,LAD@COL 06/25/2025 08:40PM ET,COL,5.19
C,Sean Murphy (39203924),Sean Murphy,39203924,C,3400,ATL@NYM 06/25/2025 07:10PM ET,ATL,6.28
OF,Michael Harris II (39203929),Michael Harris II,39203929,OF,3400,ATL@NYM 06/25/2025 07:10PM ET,ATL,6.03
OF,Cam Smith (39203928),Cam Smith,39203928,OF,3400,PHI@HOU 06/25/2025 08:10PM ET,HOU,6.43
1B,Eric Wagaman (39203926),Eric Wagaman,39203926,1B,3400,MIA@SF 06/25/2025 09:45PM ET,MIA,6.15
2B,Nolan Gorman (39203925),Nolan Gorman,39203925,2B,3400,CHC@STL 06/25/2025 07:45PM ET,STL,5.72
3B,Matt Shaw (39203931),Matt Shaw,39203931,3B,3400,CHC@STL 06/25/2025 07:45PM ET,CHC,5.71
OF,Kameron Misner (39204057),Kameron Misner,39204057,OF,3400,TB@KC 06/25/2025 07:40PM ET,TB,5.01
3B,Noelvi Marte (39204059),Noelvi Marte,39204059,3B,3300,NYY@CIN 06/25/2025 07:10PM ET,CIN,9.37
2B/OF,Jeff McNeil (39203937),Jeff McNeil,39203937,2B/OF,3300,ATL@NYM 06/25/2025 07:10PM ET,NYM,6.73
1B/C,Liam Hicks (39203933),Liam Hicks,39203933,C/1B,3300,MIA@SF 06/25/2025 09:45PM ET,MIA,5.57
OF,Dane Myers (39203936),Dane Myers,39203936,OF,3300,MIA@SF 06/25/2025 09:45PM ET,MIA,6.33
3B,Casey Schmitt (39203939),Casey Schmitt,39203939,3B,3300,MIA@SF 06/25/2025 09:45PM ET,SF,5.91
OF,Derek Hill (39204058),Derek Hill,39204058,OF,3300,MIA@SF 06/25/2025 09:45PM ET,MIA,6.48
OF,Victor Scott II (39203935),Victor Scott II,39203935,OF,3300,CHC@STL 06/25/2025 07:45PM ET,STL,6.74
C,Ryan Jeffers (39203932),Ryan Jeffers,39203932,C,3300,SEA@MIN 06/25/2025 07:40PM ET,MIN,6.36
SS,Carlos Correa (39203940),Carlos Correa,39203940,SS,3300,SEA@MIN 06/25/2025 07:40PM ET,MIN,5.96
OF,Sam Hilliard (39203947),Sam Hilliard,39203947,OF,3200,LAD@COL 06/25/2025 08:40PM ET,COL,5.88
SS,Ezequiel Tovar (39204060),Ezequiel Tovar,39204060,SS,3200,LAD@COL 06/25/2025 08:40PM ET,COL,6.75
OF,Sean Bouchard (39204064),Sean Bouchard,39204064,OF,3200,LAD@COL 06/25/2025 08:40PM ET,COL,2.88
3B,Mark Vientos (39204063),Mark Vientos,39204063,3B,3200,ATL@NYM 06/25/2025 07:10PM ET,NYM,5.96
2B/3B,Edmundo Sosa (39203945),Edmundo Sosa,39203945,2B/3B,3200,PHI@HOU 06/25/2025 08:10PM ET,PHI,4.82
C,Mitch Garver (39203941),Mitch Garver,39203941,C,3200,SEA@MIN 06/25/2025 07:40PM ET,SEA,4.84
2B,Edouard Julien (39204062),Edouard Julien,39204062,2B,3200,SEA@MIN 06/25/2025 07:40PM ET,MIN,4.62
1B/C,Salvador Perez (39203942),Salvador Perez,39203942,C/1B,3200,TB@KC 06/25/2025 07:40PM ET,KC,6.16
2B,Jonathan India (39203944),Jonathan India,39203944,2B,3200,TB@KC 06/25/2025 07:40PM ET,KC,5.84
OF,Jonny DeLuca (39204061),Jonny DeLuca,39204061,OF,3200,TB@KC 06/25/2025 07:40PM ET,TB,7.67
OF,Jake Fraley (39203950),Jake Fraley,39203950,OF,3100,NYY@CIN 06/25/2025 07:10PM ET,CIN,5.72
OF,Rece Hinds (39203951),Rece Hinds,39203951,OF,3100,NYY@CIN 06/25/2025 07:10PM ET,CIN,5.25
2B/3B,Miguel Rojas (39203952),Miguel Rojas,39203952,2B/3B,3100,LAD@COL 06/25/2025 08:40PM ET,LAD,3.24
2B/SS,Orlando Arcia (39203954),Orlando Arcia,39203954,2B/SS,3100,LAD@COL 06/25/2025 08:40PM ET,COL,3.16
C,Drew Romo (39204065),Drew Romo,39204065,C,3100,LAD@COL 06/25/2025 08:40PM ET,COL,0
OF,Alex Verdugo (39203956),Alex Verdugo,39203956,OF,3100,ATL@NYM 06/25/2025 07:10PM ET,ATL,4.88
OF,Tyrone Taylor (39203957),Tyrone Taylor,39203957,OF,3100,ATL@NYM 06/25/2025 07:10PM ET,NYM,4.90
C,Francisco Alvarez (39204066),Francisco Alvarez,39204066,C,3100,ATL@NYM 06/25/2025 07:10PM ET,NYM,5.31
1B,Otto Kemp (39203949),Otto Kemp,39203949,1B,3100,PHI@HOU 06/25/2025 08:10PM ET,PHI,6.13
OF,Harrison Bader (39203958),Harrison Bader,39203958,OF,3100,SEA@MIN 06/25/2025 07:40PM ET,MIN,5.62
C,Matt Thaiss (39203948),Matt Thaiss,39203948,C,3100,TB@KC 06/25/2025 07:40PM ET,TB,4.87
2B,DJ LeMahieu (39203969),DJ LeMahieu,39203969,2B,3000,NYY@CIN 06/25/2025 07:10PM ET,NYY,4.47
C,Jose Trevino (39203970),Jose Trevino,39203970,C,3000,NYY@CIN 06/25/2025 07:10PM ET,CIN,5.82
3B/OF,Kris Bryant (39204067),Kris Bryant,39204067,3B/OF,3000,LAD@COL 06/25/2025 08:40PM ET,COL,2.91
OF,Eli White (39203962),Eli White,39203962,OF,3000,ATL@NYM 06/25/2025 07:10PM ET,ATL,4.80
2B/SS,Luisangel Acuna (39204069),Luisangel Acuna,39204069,2B/SS,3000,ATL@NYM 06/25/2025 07:10PM ET,NYM,3.88
OF,Jesse Winker (39204072),Jesse Winker,39204072,OF,3000,ATL@NYM 06/25/2025 07:10PM ET,NYM,5.58
OF,Brandon Marsh (39203965),Brandon Marsh,39203965,OF,3000,PHI@HOU 06/25/2025 08:10PM ET,PHI,4.79
OF,Jordan Walker (39203963),Jordan Walker,39203963,OF,3000,CHC@STL 06/25/2025 07:45PM ET,STL,5.02
1B,Ty France (39203961),Ty France,39203961,1B,3000,SEA@MIN 06/25/2025 07:40PM ET,MIN,6.51
OF,Dominic Canzone (39203964),Dominic Canzone,39203964,OF,3000,SEA@MIN 06/25/2025 07:40PM ET,SEA,7.64
2B/3B,Brooks Lee (39203967),Brooks Lee,39203967,2B/3B,3000,SEA@MIN 06/25/2025 07:40PM ET,MIN,6.05
3B,Jose Miranda (39204071),Jose Miranda,39204071,3B,3000,SEA@MIN 06/25/2025 07:40PM ET,MIN,3.25
3B/OF,Nick Loftin (39203959),Nick Loftin,39203959,3B/OF,3000,TB@KC 06/25/2025 07:40PM ET,KC,5.17
OF,Jac Caglianone (39203966),Jac Caglianone,39203966,OF,3000,TB@KC 06/25/2025 07:40PM ET,KC,4.5
1B/3B,Christian Encarnacion-Strand (39203972),Christian Encarnacion-Strand,39203972,1B/3B,2900,NYY@CIN 06/25/2025 07:10PM ET,CIN,5.96
3B,Oswaldo Cabrera (39204076),Oswaldo Cabrera,39204076,3B,2900,NYY@CIN 06/25/2025 07:10PM ET,NYY,5.15
OF,Jose Siri (39204075),Jose Siri,39204075,OF,2900,ATL@NYM 06/25/2025 07:10PM ET,NYM,3.5
C,Victor Caratini (39203971),Victor Caratini,39203971,C,2900,PHI@HOU 06/25/2025 08:10PM ET,HOU,5.14
2B/SS,Mauricio Dubon (39203975),Mauricio Dubon,39203975,2B/SS,2900,PHI@HOU 06/25/2025 08:10PM ET,HOU,4.70
OF,Zach Dezenzo (39204074),Zach Dezenzo,39204074,OF,2900,PHI@HOU 06/25/2025 08:10PM ET,HOU,5.26
OF,Heriberto Hernandez (39203977),Heriberto Hernandez,39203977,OF,2900,MIA@SF 06/25/2025 09:45PM ET,MIA,5.12
C,Moises Ballesteros (39204073),Moises Ballesteros,39204073,C,2900,CHC@STL 06/25/2025 07:45PM ET,CHC,5
OF,Drew Waters (39203974),Drew Waters,39203974,OF,2900,TB@KC 06/25/2025 07:40PM ET,KC,4.86
1B,Spencer Steer (39203981),Spencer Steer,39203981,1B,2800,NYY@CIN 06/25/2025 07:10PM ET,CIN,6.22
3B,Gavin Lux (39203982),Gavin Lux,39203982,3B,2800,NYY@CIN 06/25/2025 07:10PM ET,CIN,6.03
OF,Johan Rojas (39203983),Johan Rojas,39203983,OF,2800,PHI@HOU 06/25/2025 08:10PM ET,PHI,3.98
C,Tom Murphy (39204077),Tom Murphy,39204077,C,2800,MIA@SF 06/25/2025 09:45PM ET,SF,0
2B,Kody Clemens (39203980),Kody Clemens,39203980,2B,2800,SEA@MIN 06/25/2025 07:40PM ET,MIN,4.84
OF,Austin Martin (39204078),Austin Martin,39204078,OF,2800,SEA@MIN 06/25/2025 07:40PM ET,MIN,0
C,Danny Jansen (39203978),Danny Jansen,39203978,C,2800,TB@KC 06/25/2025 07:40PM ET,TB,5.57
SS,Taylor Walls (39203979),Taylor Walls,39203979,SS,2800,TB@KC 06/25/2025 07:40PM ET,TB,5.06
2B/3B,Jorbit Vivas (39204081),Jorbit Vivas,39204081,2B/3B,2700,NYY@CIN 06/25/2025 07:10PM ET,NYY,2.91
3B,Ronny Mauricio (39203987),Ronny Mauricio,39203987,3B,2700,ATL@NYM 06/25/2025 07:10PM ET,NYM,5.25
3B/OF,Javier Sanoja (39203988),Javier Sanoja,39203988,3B/OF,2700,MIA@SF 06/25/2025 09:45PM ET,MIA,4
2B,Tyler Fitzgerald (39204079),Tyler Fitzgerald,39204079,2B,2700,MIA@SF 06/25/2025 09:45PM ET,SF,4.98
C,Pedro Pages (39203984),Pedro Pages,39203984,C,2700,CHC@STL 06/25/2025 07:45PM ET,STL,4.9
2B/SS,Thomas Saggese (39203985),Thomas Saggese,39203985,2B/SS,2700,CHC@STL 06/25/2025 07:45PM ET,STL,5.38
3B,Royce Lewis (39204080),Royce Lewis,39204080,3B,2700,SEA@MIN 06/25/2025 07:40PM ET,MIN,4.73
2B,Ryan Bliss (39204083),Ryan Bliss,39204083,2B,2700,SEA@MIN 06/25/2025 07:40PM ET,SEA,5.09
C,Luis Torrens (39203990),Luis Torrens,39203990,C,2600,ATL@NYM 06/25/2025 07:10PM ET,NYM,3.90
2B,Brendan Rodgers (39204084),Brendan Rodgers,39204084,2B,2600,PHI@HOU 06/25/2025 08:10PM ET,HOU,3.67
3B,Ben Williamson (39203991),Ben Williamson,39203991,3B,2600,SEA@MIN 06/25/2025 07:40PM ET,SEA,5
2B/3B,Curtis Mead (39203992),Curtis Mead,39203992,2B/3B,2600,TB@KC 06/25/2025 07:40PM ET,TB,4.42
OF,Blake Dunn (39204088),Blake Dunn,39204088,OF,2500,NYY@CIN 06/25/2025 07:10PM ET,CIN,3.57
2B,Adael Amador (39204085),Adael Amador,39204085,2B,2500,LAD@COL 06/25/2025 08:40PM ET,COL,3.03
OF,Jose Azocar (39204090),Jose Azocar,39204090,OF,2500,ATL@NYM 06/25/2025 07:10PM ET,ATL,2.57
2B/3B,Nick Madrigal (39204091),Nick Madrigal,39204091,2B/3B,2500,ATL@NYM 06/25/2025 07:10PM ET,NYM,0
OF,Cooper Hummel (39203996),Cooper Hummel,39203996,OF,2500,PHI@HOU 06/25/2025 08:10PM ET,HOU,4.6
2B,Buddy Kennedy (39203998),Buddy Kennedy,39203998,2B,2500,PHI@HOU 06/25/2025 08:10PM ET,PHI,0.67
OF,Jacob Melton (39204089),Jacob Melton,39204089,OF,2500,PHI@HOU 06/25/2025 08:10PM ET,HOU,5.73
OF,Griffin Conine (39204087),Griffin Conine,39204087,OF,2500,MIA@SF 06/25/2025 09:45PM ET,MIA,6.15
1B,Donovan Solano (39203997),Donovan Solano,39203997,1B,2500,SEA@MIN 06/25/2025 07:40PM ET,SEA,3.73
3B/OF,Miles Mastrobuoni (39203999),Miles Mastrobuoni,39203999,3B/OF,2500,SEA@MIN 06/25/2025 07:40PM ET,SEA,3.60
OF,Rhylan Thomas (39204093),Rhylan Thomas,39204093,OF,2500,SEA@MIN 06/25/2025 07:40PM ET,SEA,5
C,Freddy Fermin (39203994),Freddy Fermin,39203994,C,2500,TB@KC 06/25/2025 07:40PM ET,KC,4.09
OF,Kyle Isbel (39203995),Kyle Isbel,39203995,OF,2500,TB@KC 06/25/2025 07:40PM ET,KC,3.96
2B,Coco Montes (39204086),Coco Montes,39204086,2B,2500,TB@KC 06/25/2025 07:40PM ET,TB,1.6
2B/3B,Oswald Peraza (39204003),Oswald Peraza,39204003,2B/3B,2400,NYY@CIN 06/25/2025 07:10PM ET,NYY,3.31
OF,Chas McCormick (39204096),Chas McCormick,39204096,OF,2400,PHI@HOU 06/25/2025 08:10PM ET,HOU,1.94
C,Nick Fortes (39204002),Nick Fortes,39204002,C,2400,MIA@SF 06/25/2025 09:45PM ET,MIA,3.74
OF,Jerar Encarnacion (39204095),Jerar Encarnacion,39204095,OF,2400,MIA@SF 06/25/2025 09:45PM ET,SF,1.88
C,Reese McGuire (39204001),Reese McGuire,39204001,C,2400,CHC@STL 06/25/2025 07:45PM ET,CHC,6.92
1B,Justin Turner (39204006),Justin Turner,39204006,1B,2400,CHC@STL 06/25/2025 07:45PM ET,CHC,3.38
OF/SS,Jose Barrero (39204007),Jose Barrero,39204007,SS/OF,2400,CHC@STL 06/25/2025 07:45PM ET,STL,1.77
OF,Mark Canha (39204005),Mark Canha,39204005,OF,2400,TB@KC 06/25/2025 07:40PM ET,KC,2.90
C,Logan Driscoll (39204094),Logan Driscoll,39204094,C,2400,TB@KC 06/25/2025 07:40PM ET,TB,0
3B,Santiago Espinal (39204012),Santiago Espinal,39204012,3B,2300,NYY@CIN 06/25/2025 07:10PM ET,CIN,4.13
C,Hunter Feduccia (39204097),Hunter Feduccia,39204097,C,2300,LAD@COL 06/25/2025 08:40PM ET,LAD,1
1B,Jared Young (39204011),Jared Young,39204011,1B,2300,ATL@NYM 06/25/2025 07:10PM ET,NYM,3.67
OF,Stuart Fairchild (39204014),Stuart Fairchild,39204014,OF,2300,ATL@NYM 06/25/2025 07:10PM ET,ATL,2.56
C,Rafael Marchan (39204010),Rafael Marchan,39204010,C,2300,PHI@HOU 06/25/2025 08:10PM ET,PHI,3.55
C,Patrick Bailey (39204009),Patrick Bailey,39204009,C,2300,MIA@SF 06/25/2025 09:45PM ET,SF,3.82
2B,Christian Koss (39204013),Christian Koss,39204013,2B,2300,MIA@SF 06/25/2025 09:45PM ET,SF,3.37
2B/SS,Vidal Brujan (39204015),Vidal Brujan,39204015,2B/SS,2300,CHC@STL 06/25/2025 07:45PM ET,CHC,1.8
C,J.C. Escarra (39204017),J.C. Escarra,39204017,C,2200,NYY@CIN 06/25/2025 07:10PM ET,NYY,4.03
SS,Nick Allen (39204021),Nick Allen,39204021,SS,2200,ATL@NYM 06/25/2025 07:10PM ET,ATL,4.33
OF,Travis Jankowski (39204024),Travis Jankowski,39204024,OF,2200,ATL@NYM 06/25/2025 07:10PM ET,NYM,3.38
2B/3B,Luis Guillorme (39204022),Luis Guillorme,39204022,2B/3B,2200,PHI@HOU 06/25/2025 08:10PM ET,HOU,1.11
OF,Victor Mesa Jr. (39204101),Victor Mesa Jr.,39204101,OF,2200,MIA@SF 06/25/2025 09:45PM ET,MIA,2.75
C,Yohel Pozo (39204018),Yohel Pozo,39204018,C,2200,CHC@STL 06/25/2025 07:45PM ET,STL,4.5
2B,Cole Young (39204019),Cole Young,39204019,2B,2200,SEA@MIN 06/25/2025 07:40PM ET,SEA,4.63
OF,Carson McCusker (39204098),Carson McCusker,39204098,OF,2200,SEA@MIN 06/25/2025 07:40PM ET,MIN,0.6
2B/SS,Ryan Fitzgerald (39204099),Ryan Fitzgerald,39204099,2B/SS,2200,SEA@MIN 06/25/2025 07:40PM ET,MIN,2
OF,John Rave (39204020),John Rave,39204020,OF,2200,TB@KC 06/25/2025 07:40PM ET,KC,2.52
2B/SS,Luke Williams (39204029),Luke Williams,39204029,2B/SS,2100,ATL@NYM 06/25/2025 07:10PM ET,ATL,1.94
C,Andrew Knizner (39204026),Andrew Knizner,39204026,C,2100,MIA@SF 06/25/2025 09:45PM ET,SF,2.56
2B,Brett Wisely (39204028),Brett Wisely,39204028,2B,2100,MIA@SF 06/25/2025 09:45PM ET,SF,1
3B,Jon Berti (39204027),Jon Berti,39204027,3B,2100,CHC@STL 06/25/2025 07:45PM ET,CHC,3.55
C,Christian Vazquez (39204025),Christian Vazquez,39204025,C,2100,SEA@MIN 06/25/2025 07:40PM ET,MIN,3.71
1B/OF,Connor Joe (39204037),Connor Joe,39204037,1B/OF,2000,NYY@CIN 06/25/2025 07:10PM ET,CIN,2.69
OF,Everson Pereira (39204107),Everson Pereira,39204107,OF,2000,NYY@CIN 06/25/2025 07:10PM ET,NYY,0
C,Jesus Rodriguez (39204111),Jesus Rodriguez,39204111,C,2000,NYY@CIN 06/25/2025 07:10PM ET,NYY,0
2B/3B,Braden Shewmake (39204124),Braden Shewmake,39204124,2B/3B,2000,NYY@CIN 06/25/2025 07:10PM ET,NYY,0
OF,Bryan De La Cruz (39204130),Bryan De La Cruz,39204130,OF,2000,NYY@CIN 06/25/2025 07:10PM ET,NYY,2.62
OF,Tyler Callihan (39204137),Tyler Callihan,39204137,OF,2000,NYY@CIN 06/25/2025 07:10PM ET,CIN,1.25
OF,Ryan Vilade (39204147),Ryan Vilade,39204147,OF,2000,NYY@CIN 06/25/2025 07:10PM ET,CIN,1.29
1B/3B,CJ Alexander (39204159),CJ Alexander,39204159,1B/3B,2000,NYY@CIN 06/25/2025 07:10PM ET,NYY,1.5
OF,Steward Berroa (39204102),Steward Berroa,39204102,OF,2000,LAD@COL 06/25/2025 08:40PM ET,LAD,0
OF,Yanquiel Fernandez (39204115),Yanquiel Fernandez,39204115,OF,2000,LAD@COL 06/25/2025 08:40PM ET,COL,0
OF,Zac Veen (39204129),Zac Veen,39204129,OF,2000,LAD@COL 06/25/2025 08:40PM ET,COL,3.17
OF,James Outman (39204146),James Outman,39204146,OF,2000,LAD@COL 06/25/2025 08:40PM ET,LAD,5.22
C,Hayden Senger (39204034),Hayden Senger,39204034,C,2000,ATL@NYM 06/25/2025 07:10PM ET,NYM,1.79
OF,Carlos Rodriguez (39204110),Carlos Rodriguez,39204110,OF,2000,ATL@NYM 06/25/2025 07:10PM ET,ATL,0
2B,Nacho Alvarez Jr. (39204126),Nacho Alvarez Jr.,39204126,2B,2000,ATL@NYM 06/25/2025 07:10PM ET,ATL,0
OF,Jarred Kelenic (39204135),Jarred Kelenic,39204135,OF,2000,ATL@NYM 06/25/2025 07:10PM ET,ATL,3.30
C,Jason Delay (39204139),Jason Delay,39204139,C,2000,ATL@NYM 06/25/2025 07:10PM ET,ATL,0
3B/SS,Jonathan Ornelas (39204148),Jonathan Ornelas,39204148,3B/SS,2000,ATL@NYM 06/25/2025 07:10PM ET,ATL,0.5
OF,Taylor Trammell (39204035),Taylor Trammell,39204035,OF,2000,PHI@HOU 06/25/2025 08:10PM ET,HOU,0
C,Cesar Salazar (39204040),Cesar Salazar,39204040,C,2000,PHI@HOU 06/25/2025 08:10PM ET,HOU,0.5
OF,Pedro Leon (39204103),Pedro Leon,39204103,OF,2000,PHI@HOU 06/25/2025 08:10PM ET,HOU,0
OF,Kenedy Corona (39204114),Kenedy Corona,39204114,OF,2000,PHI@HOU 06/25/2025 08:10PM ET,HOU,0
C,Garrett Stubbs (39204127),Garrett Stubbs,39204127,C,2000,PHI@HOU 06/25/2025 08:10PM ET,PHI,0
OF,Weston Wilson (39204144),Weston Wilson,39204144,OF,2000,PHI@HOU 06/25/2025 08:10PM ET,PHI,2.46
OF,Cal Stevenson (39204152),Cal Stevenson,39204152,OF,2000,PHI@HOU 06/25/2025 08:10PM ET,PHI,1.6
2B/3B,Shay Whitcomb (39204153),Shay Whitcomb,39204153,2B/3B,2000,PHI@HOU 06/25/2025 08:10PM ET,HOU,0
2B/SS,Jack Winkler (39204032),Jack Winkler,39204032,2B/SS,2000,MIA@SF 06/25/2025 09:45PM ET,MIA,0.5
OF,Daniel Johnson (39204041),Daniel Johnson,39204041,OF,2000,MIA@SF 06/25/2025 09:45PM ET,SF,4
SS,Jared Serna (39204108),Jared Serna,39204108,SS,2000,MIA@SF 06/25/2025 09:45PM ET,MIA,0
OF,Cal Mitchell (39204109),Cal Mitchell,39204109,OF,2000,MIA@SF 06/25/2025 09:45PM ET,SF,0
3B,Deyvison De Los Santos (39204112),Deyvison De Los Santos,39204112,3B,2000,MIA@SF 06/25/2025 09:45PM ET,MIA,0
SS,Maximo Acosta (39204113),Maximo Acosta,39204113,SS,2000,MIA@SF 06/25/2025 09:45PM ET,MIA,0
OF,Albert Almora (39204116),Albert Almora,39204116,OF,2000,MIA@SF 06/25/2025 09:45PM ET,MIA,0
OF,Wade Meckler (39204119),Wade Meckler,39204119,OF,2000,MIA@SF 06/25/2025 09:45PM ET,SF,0
OF,Luis Matos (39204121),Luis Matos,39204121,OF,2000,MIA@SF 06/25/2025 09:45PM ET,SF,4.92
OF,Grant McCray (39204128),Grant McCray,39204128,OF,2000,MIA@SF 06/25/2025 09:45PM ET,SF,0
C,Rob Brantly (39204136),Rob Brantly,39204136,C,2000,MIA@SF 06/25/2025 09:45PM ET,MIA,3.67
2B,Marco Luciano (39204143),Marco Luciano,39204143,2B,2000,MIA@SF 06/25/2025 09:45PM ET,SF,0
3B,Graham Pauley (39204145),Graham Pauley,39204145,3B,2000,MIA@SF 06/25/2025 09:45PM ET,MIA,3.46
C,Logan Porter (39204158),Logan Porter,39204158,C,2000,MIA@SF 06/25/2025 09:45PM ET,SF,2.6
OF,Matt Koperniak (39204104),Matt Koperniak,39204104,OF,2000,CHC@STL 06/25/2025 07:45PM ET,STL,0
OF,Owen Caissie (39204105),Owen Caissie,39204105,OF,2000,CHC@STL 06/25/2025 07:45PM ET,CHC,0
3B/SS,Ben Cowles (39204117),Ben Cowles,39204117,3B/SS,2000,CHC@STL 06/25/2025 07:45PM ET,CHC,0
1B,Luken Baker (39204133),Luken Baker,39204133,1B,2000,CHC@STL 06/25/2025 07:45PM ET,STL,2.84
OF,Kevin Alcantara (39204142),Kevin Alcantara,39204142,OF,2000,CHC@STL 06/25/2025 07:45PM ET,CHC,0
2B/3B,Jose Fermin (39204150),Jose Fermin,39204150,2B/3B,2000,CHC@STL 06/25/2025 07:45PM ET,STL,0
OF,Michael Siani (39204155),Michael Siani,39204155,OF,2000,CHC@STL 06/25/2025 07:45PM ET,STL,1.26
3B,Jonah Bride (39204031),Jonah Bride,39204031,3B,2000,SEA@MIN 06/25/2025 07:40PM ET,MIN,2.46
OF,DaShawn Keirsey Jr. (39204039),DaShawn Keirsey Jr.,39204039,OF,2000,SEA@MIN 06/25/2025 07:40PM ET,MIN,1.65
OF,Emmanuel Rodriguez (39204106),Emmanuel Rodriguez,39204106,OF,2000,SEA@MIN 06/25/2025 07:40PM ET,MIN,0
1B,Tyler Locklear (39204120),Tyler Locklear,39204120,1B,2000,SEA@MIN 06/25/2025 07:40PM ET,SEA,0
2B,Mickey Gasper (39204134),Mickey Gasper,39204134,2B,2000,SEA@MIN 06/25/2025 07:40PM ET,MIN,2.71
OF,Samad Taylor (39204138),Samad Taylor,39204138,OF,2000,SEA@MIN 06/25/2025 07:40PM ET,SEA,1.25
OF,Jacob Hurtubise (39204140),Jacob Hurtubise,39204140,OF,2000,SEA@MIN 06/25/2025 07:40PM ET,SEA,1.25
C,Jair Camargo (39204157),Jair Camargo,39204157,C,2000,SEA@MIN 06/25/2025 07:40PM ET,MIN,0
2B,Tyler Tolbert (39204036),Tyler Tolbert,39204036,2B,2000,TB@KC 06/25/2025 07:40PM ET,KC,3.06
OF,Dairon Blanco (39204122),Dairon Blanco,39204122,OF,2000,TB@KC 06/25/2025 07:40PM ET,KC,2.89
OF,MJ Melendez (39204123),MJ Melendez,39204123,OF,2000,TB@KC 06/25/2025 07:40PM ET,KC,2.56
2B/OF,Michael Massey (39204131),Michael Massey,39204131,2B/OF,2000,TB@KC 06/25/2025 07:40PM ET,KC,3.73
OF,Cavan Biggio (39204141),Cavan Biggio,39204141,OF,2000,TB@KC 06/25/2025 07:40PM ET,KC,2.76
OF,Tyler Gentry (39204156),Tyler Gentry,39204156,OF,2000,TB@KC 06/25/2025 07:40PM ET,KC,0
OF,Joey Wiemer (39204161),Joey Wiemer,39204161,OF,2000,TB@KC 06/25/2025 07:40PM ET,KC,0
